id,name,genre
6YVMFz59CuY7ngCxTxjpxE,aespa,Dance Pop
6OwKE9Ez6ALxpTaKcT5ayv,AKMU,Indie
5RmQ8k4l3HZ8JoPb4mNsML,Agust D,Hip-Hop
6HvZYsbFfjnjFrWF950C9d,NewJeans,Dance Pop
7IEhlwWQA7pCkEvzwwHehE,ASH ISLAND,Hip-Hop
36cgvBn0aadzOijnjjwqMN,ILLIT,Dance Pop
6zn0ihyAApAYV51zpXxdEp,10CM,Indie
4Xj0peBt3EZHbdF20JmdWC,Lee Mujin,Ballad
3HqSLMAZ3g3d5poNaI7GOU,IU,Ballad
68KmkJeZGfwe1OUaivBa2L,ATEEZ,Dance Pop
2auC28zjQyVTsiZKNgPRGs,RM,Hip-Hop
4k5fFEYgkWYrYvtOK3zVBl,BOL4,Indie
4M9tATKeCZPhipaM6ge2VS,#Annyeong,Indie
1z4g3DjTBBZKhvAroFlhOM,Red Velvet,Dance Pop
6RHTUrRF63xao58xh9FXYJ,IVE,Dance Pop
2ncTglxMHKmCzBKckfzOEv,ALEPH,Indie
3uGFTJ7JMllvhgGpumieHF,AILEE,R&B
0qQQYIK5Sxnzt72fGyTcvs,Ahn Ye Eun,Ballad
2AfmfGFbe0A0WsTYm0SDTx,(G)I-DLE,Dance Pop
5UKoKVlU7EDN4UgDuVRAbX,Baek A Yeon,Ballad
2uWcrwgWmZcQc3IPBs3tfU,Apink,Dance Pop
3hoOEt9XClpTBtECvA6fkp,Anointing,CCM
7cgAZ03K2mMaWB70gwZs92,JEONG EUN JI,Ballad
0GTBwQZcSJid6l5iwaWQ8E,Airman,Indie
6cJ883ebXg0pWAwlzMcBxe,Ahn Byeong Woong,Ballad
5qRSs6mvI17zrkJpOHkCoM,iKON,Hip-Hop
0i9MWBqCpPeaJu6rJkrOoA,ACOURVE,Indie
4z6yrDz5GfKXkeQZjOaZdq,DAVICHI,Ballad
54gWVQFHf8IIqbjxAoOarN,AOA,Dance Pop
5r1tUTxVSgvBHnoDuDODPH,IZ*ONE,Dance Pop
64sY7LsUjNE3ifONkftTXC,ADOY,Indie
0hoIUrMFR0Cy6aTbma8b2o,unofficialboyy,Hip-Hop
6gEWl778wJTkq4Uk5eBvgD,MC MONG,Hip-Hop
0rmwTliQlHxi4uQQ0auZm5,Jatanpung,Hip-Hop
4pz4uzOMpJQyV8UTsDy4H8,ASTRO,Dance Pop
0rMd7FdvwwxKrFEsQ1hC7G,Acoustic Collabo,Indie
1TTx0YcbKUtJIZY1HEnh9B,J.Y. Park,R&B
6OSMGFNb20nNBw4a2vWxMT,Autumn Vacation,Indie
0kRAVpQhUUArA8UnYwEdeZ,Kwon Jin Ah,Ballad
1loWI8jVk9btgJXHgqHXPD,After School,Dance Pop
6U6zWkFtgM3UU5c1hBlGCD,Anonymous Artists (어나니머스 아티스트),Indie
779Q9oJXqbVHN4DbtTYa6O,APRO,R&B
7ueOlHsDGBjqZfjpDj4oJO,Kim Gun Mo,Ballad
7MNyflLAWpaH0EPw1fdORD,Lena Park,R&B
1R52cwGf75yTf7I3Q0Irf8,T-ARA,Dance Pop
0X7uU5t8s4p9vXE4PjPvfn,Shin Hae Chul,Rock
1BEohdSWSBggmO979tzRwW,miss A,Dance Pop
213zHiFZwtDVEqyxeCbk07,ARTMS,Indie
6RKnXXyprPjhBdCvL802Ku,I.O.I,Dance Pop
04L3elxyr0XFua2Ek3domW,Sunwoojunga,Ballad
4fiMU9JbjPoMn7PVtYPRWP,Joob A,Indie
25KT93FeotUTHC1dbLasxi,A.C.E,Dance Pop
7nq2NwlzVsllu1h5qHPxIy,YUNHWAY,R&B
4Kxlr1PRlDKEB0ekOCyHgX,BIGBANG,Hip-Hop
3Nrfpe0tUJi4K4DXYWgMUX,BTS,Hip-Hop
41MozSoPIsD1dJM0CLPjZF,BLACKPINK,Dance Pop
1SIocsqdEefUTE6XKGUiVS,BABYMONSTER,Dance Pop
7cEaNXXTHx3LokbjUUyHal,BIG Naughty,Hip-Hop
4hnHLgMSOiqERWBL4jINP1,BOYNEXTDOOR,R&B
6WeDO4GynFmK4OxwkBzMW8,The Black Skirts,Indie Rock
6dhfy4ByARPJdPtMyrUYJK,Yerin Baek,Indie
6vbKIm1WsvhMMDpthYONc1,Balming Tiger,Hip-Hop
7IrDIIq3j04exsiF3Z7CPg,Beenzino,Hip-Hop
5NUVwRESNqYBUTRbiATjy7,BE'O,R&B
4ufh0WuMZh6y4Dmdnklvdl,BAEKHYUN,R&B
6UbmqUEgjLA6jAcXwbM1Z9,BIBI,R&B
30b9WulBM8sFuBo17nNq9c,G-DRAGON,Hip-Hop
4SdXXEHKFa5NSoh10QxeN2,BUZZ,Ballad
3JsHnjpbhX4SnySpvpa9DK,V,R&B
0UntV1Bw2hk3fbRrm9eMP6,B.I,Hip-Hop
2hcsKca6hCfFMwwdbFvenJ,BTOB,R&B
4XDi67ZENZcbfKnvMnTYsI,Jay Park,Hip-Hop
1uAT5bTSp6dWbNmixIUP5t,BSS,Dance Pop
3vljSA6N2aSE8U3OhNFkPy,BUMJIN,R&B
6XsOOgLCtnkkOv2uhZXuB0,BLASÉ,R&B
0bDdOBGVCFVt0f8N9ldW1k,BEN,Ballad
0CmvFWTX9zmMNCUi6fHtAx,THE BOYZ,Dance Pop
3vhZuZdMksbnJwoE3AwpXq,BUMKEY,R&B
1wsoV3RXPkxVz3PwsNRI5K,BewhY,Hip-Hop
0ghlgldX5Dd6720Q3qFyQB,TOMORROW X TOGETHER,Dance Pop
4RnezwRV7VBJUCI1S0AE5u,Block B,Hip-Hop
6jgrgDBt1SbtNbc25sLaTH,Busker Busker,Indie
22oiFjlZPKJ1XphV2et1u1,Naul,R&B
0T8sqjCB5w57zxvW5lp3qJ,BlackNut,Hip-Hop
3l0MJ9LCiBlMyOMaz485Q5,Baek Z Young,Ballad
2LtEDRKi75vGtsfdy205jX,BOOHWAL,Ballad
6tvrEIVX5eKJlipdzt11wi,Park Boram,Ballad
6O7LgtO6NKOOOudzRayUfJ,Brown Eyes,R&B
7pXKdkQsYFCMG2omRxheJ2,Basick,Hip-Hop
4muJrGMndyYWqZtfk8OWy4,BoA,Dance Pop
1SsVqqC31h54Hg08g7uQhM,YANGHONGWON,Hip-Hop
5xHC23kCM6goKp7bDDXE3T,B-Free,Hip-Hop
2GEPtT5RDxrmdi0A4mbDi7,Brown Eyed Girls,R&B
20K5puLWHL28ckI4LjieDt,KIM BUMSOO,Ballad
1gq4XavqmZhqOzEkpFBz1j,"Broccoli, you too?",Indie
5td0g0Owd8ZYu7SVb6f9xh,Band Nah,Indie Rock
7j1lNIjZY1E1drWIgJloMs,Bassagong,Hip-Hop
459tVR1zPUmVwOROer0adD,BILL STAX,Hip-Hop
7ieMQQDR0bdBPz572mtxwS,BOBBY,Hip-Hop
6udveWUgX4vu75FF0DTrXV,TAEYANG,R&B
1Pr9gT0veB2tgcisQeIGoC,Beast,Dance Pop
3ghCvruix2FYZ81DHRlOt1,BLOO,Hip-Hop
34SKCchNLFzBWclGa6l6tQ,BIG MAMA,Ballad
19TSeYJNZVClzoWb6hUVr7,Byun Jin-Sub,Ballad
0E0fq98DMHhkAgiXWpCViX,Skinny Brown,Hip-Hop
7AVa6rcpTQWVqgy91llPP5,BROWN EYED SOUL,R&B
25wMXkplvEHJpJHX8A6Ved,lIlBOI,Hip-Hop
2fiGm496AG7ePURQiSSJIw,Paul Blanco,Ballad
7t5H3uQv0Zw6cQUnSTF5BB,Brave Girls,Dance Pop
4T6xiCykTP9rCNaEPU7D4q,VINXEN,Hip-Hop
3P16F9giedxmc5238b66bo,Babylon,R&B
3sxWOFw4MSN54SIQ8np6iG,B1A4,Indie
2QQUaQXZalrJh9JYTiVMkr,GB9,R&B
3Rxm9TaXZGuQRw2B91Ap22,BOYCOLD,Hip-Hop
7zhojNyxff5HeS5mIgUVmU,Bosudongcooler,Hip-Hop
4CWuEFVuRfUm7LrGmMBMrN,Boramiyu,R&B
24sQuJhQ85ZygDG7sUVUxR,Verbal Jint,Hip-Hop
0Q5XzDpn7DCI5jlubok4xb,SUPERBEE,Hip-Hop
3O1NgDGuy8jlhgGUPBZXQ0,BE'O (비오),Hip-Hop
3fmAXFX05DFTaTkreemfxB,BrotherSu,R&B
4whHCEnN1w4cexp2J7h4OC,Fleeky Bang,Hip-Hop
2GQxKDojobwBjZMPf7aoh0,Billlie,Dance Pop
0rK0ZPLX4fKnFSbqs6gYfY,Blue.D,Indie
1mKRJeL6KrSlwLG8gvwSQP,BAECHIGI,Hip-Hop
5L4EafeXwZ0stGuPtGr5Tz,Rain,Ballad
529ZdRwFoSKtQ0LPwKxGiu,Jang Beom June,Indie Rock
6PlVpPXatgot82WQgqM6S2,Byeol Eun,Ballad
7MJnvH71CgBGCN9obN4aY5,Boi B,Hip-Hop
4RtxNIrPXlf3cTtIsuEWMi,Budung,Hip-Hop
305pg6Bs6Mz9Tm2zK66psY,Cosmic Boy,Indie
2uoSZGvqrwdjVgn9fOUjQp,BYUL,R&B
7H5LMtjHqkyH4U8dpLR4lo,Baby V.O.X,Dance Pop
2Y7fY3aflbCTxp6h5hw0CV,BADVILLAIN,Hip-Hop
6jV25rzTKQ2zMgrqHha1V5,CHANYEOL,R&B
5BkB3rXc0qIdUtuEnhbK0A,VIXX,R&B
3dHfkuYVlHD2pPhFL4UJzi,BGM BOX (비지엠 박스),Hip-Hop
2Pw8E6zZoeuksVWtyZPnzd,BOYFRIEND,Dance Pop
74r4YBm6qWOBKKF6MhVXVq,Bryn,Indie Rock
5schNIzWdI9gJ1QRK8SBnc,Ben Howard,Indie Rock
6kxCoNfY6U1eP0Yc88phvk,B.A.P,Dance Pop
57xLdReOSuCdlxeNNnS2Nb,Bek Hyunjin,Ballad
3QUst1HlAmRuM48c5n5HSB,Park Wan Kyu,Ballad
6nVMMEywS5Y4tsHPKx1nIo,TVXQ!,Dance Pop
6dCz3spfpIvqqqsIoP6wXi,CNBLUE,Rock
3aboSJaljyYlTRXt7pEH0G,TURBO,Dance Pop
2QeJBmgBdpH4i3uJns5Rdx,Sandeul,Ballad
7cYFopPCh8aSpBHANLgLaV,Lim Jae Beum,Ballad
6EmgTIhhXGtfAmYYTfdtlz,Onestar,Ballad
38zrlSgF4lNQMsSA0elpI7,Sister's Barbershop,Indie Rock
7nqOGRxlXj7N2JYbgNEjYH,SEVENTEEN,Dance Pop
5ghNwcHNesKq0Q3zfK39ic,So Soo Bin,R&B
3e3oLJehq4vQl2H0FAJnvn,GD&TOP,Hip-Hop
2p48L95TwEaYkSdn6R7LOr,BamBam,Hip-Hop
3hvinNZRzTLoREmqFiKr1b,CHANGMO,Hip-Hop
2YkhzcYyxJvtl5W6pY0PuF,CAMO,Hip-Hop
6aLdhHUqgdKE86xbtNmY8g,Crush,Ballad
7c1HgFDe8ogy5NOZ1ANCJQ,Car the garden,Indie
3VQDqjQ4wJyw8PzpGdlZpB,Colde,Indie
6qvVoPGEqNCyYSjYCgfV1v,Choi Yu Ree,R&B
4WnO2VmlwdTX77ANsThWLQ,CODE KUNST,Hip-Hop
4dB2XmMpzPxsMRnt62TbF5,Lim Changjung,Ballad
0IznZPMUyaPGdqfP4oqBja,Coogie,Hip-Hop
2ZT3bnHPOdErwCLdP5aHqR,C JAMM,Hip-Hop
2PSJ6YriU7JsFucxACpU7Y,CHUNG HA,Indie
762fgqQ2gz5w7q1VkDOmja,Choi Seong,Indie
0UEP2XBR9aC5NBKcAKnBIq,CHEN,Ballad
5f48MQLr5eOXHcR4lFE1BM,Chillin Homie,Hip-Hop
0w3PsroIezW7uRTNxEJLb9,COOL,R&B
7bWYN0sHvyH7yv1uefX07U,Jukjae,Acoustic
6NdzNrBP8Jbhzp6h7yojht,CHEEZE,Indie Rock
5WKUZJPvN1SScyggtPFShK,Nerd Connection,R&B
3YxtjzaXsF9cVq2MlIe6cw,Chin,Rock
0tzSBCPJZmHTdOA3ZV2mN3,CL,R&B
5j200KdlKsIVqjoSDIWycA,Cho Yong Pil,Ballad
0u06YeydlBk3awnk5KgdBx,Chancellor,R&B
02WoRfOhF5nUVpwddshInq,CHOILB,R&B
5PS3ZZE5bBiZ3Ct9HiRG2B,DeVita,Ballad
4vdAgNz4vrUZVvS0CaVvGJ,CRUCiAL STAR,R&B
1q86WVZhETqii5kKjEwYuB,CHUU,Indie
1p0J5PXJQMVqk5uVV4T1ja,Seong-Jin Cho,Ballad
7zYj9S9SdIunYCfSm7vzAR,JEON SOMI,Indie
0c8Qflq0lTE9LhXcdNZrEG,Chaboom,Hip-Hop
6zTIxEXFWjoNu2VXauDITb,Junggigo,Ballad
6FkhUhUwSPl3mGB6mmE8wn,CRAVITY,Indie
6hhqsQZhtp9hfaZhSd0VSD,WJSN,Indie
0jg8QQ5BExafoPBy7ZyA5t,CRYING NUT,Indie Rock
0akZcna6MlOPRo0reVTaPr,Clazziquai,Indie
0MU0Hxwaz1daT4FVqx3Smz,CHO JUNG SEOK,Ballad
5DRgmwlZtxrLEs3zxDgSxi,OHDAMRYUL,Ballad
0SciAzspUVXo1F4txGErsz,KOREA CRACKER,Rock
1rp5HzWaNwgauM5W5YmZ3U,LEECHANGSUB,Ballad
76ea6HHCvHlTqhF9I0jtHU,Cha Eun-Woo,Indie
39EEmUKhvMcVn8icCyQlg5,CIKI,Hip-Hop
5dL3HWKQaQBnqhIDsMZQBB,최재훈,Ballad
5F0ZKImhec2HLnFQzsl1CM,Coffeeboy,Acoustic
2kppzekGp379T3M56GYd7d,Chang Kiha,Indie Rock
0FyGoy4Ek4dQGoMM65eZ0z,Cloudybay,Indie Rock
0wGPie2VhTjtwscQEqBhDe,Noridogam,Hip-Hop
5Y5c91VcBMoVZbYBZdoRnu,Jung Dong Ha,Ballad
2kFWbtQ1BvCeylL99aiXGD,ch1tkey,Hip-Hop
1NwyafFmvijU7E9b1PjgQm,Chawool,R&B
3Lz3vEN23Fw0hIelrYEzUD,EXO-CBX,Indie
0OK6Xs5X1kHs07y68n65CQ,CIFIKA,R&B
0dX6tgZKWpamoFHFuXFhwd,Mad Clown,Hip-Hop
5Ecf8RR2UWFAvyeItabffF,Lee Seung Chul,Ballad
25S2guZybFTBDzQvfLFcYX,Choi Baek Ho,Ballad
4PlxqkEk6seCManiTAPTWb,JINBO the SuperFreak,Ballad
1lHfzEkKmmvdVDDDLKkcsd,CIX,Indie
6Xg22wJOAcnvPUfk5WvODH,JEON SOYEON,Dance Pop
52IPniXhQmDTYa5xQnoA2K,Jo Sung Mo,Ballad
75OcDAFGCzj0qehe1mADeM,Way Ched,Hip-Hop
2l9aF9jOgB7GI1uyNkx836,JEONG SEWOON,Ballad
68ZtcdthScW8ISOvVNW9sV,Glen Check,Indie Rock
3wi60BA6UhRuaNc1Dj548w,H:CODE,R&B
6QyO41KctzGc70mVaVnXQO,CLC,R&B
5TnQc2N1iKlFjYD7CPGvFc,DAY6,Indie Rock
3eCd0TZrBPm2n9cDG6yWfF,DEAN,R&B
0siBQaURCli5wn2lqv8WZg,DPR LIVE,Hip-Hop
2T5KKZuEEudb7alCJ1pCus,데이먼스 이어 (Damons year),Hip-Hop
2o8gT0fQmFxGNbowbdgeZe,DPR IAN,R&B
2CQZr2RPZmrcvDnaod1ldC,D.O.,Ballad
4nvFFLtv7ZqoTr83387uK4,Dynamicduo,Hip-Hop
5IMXUzbeAyevQmvtOhXQGi,DOYOUNG,R&B
1gBUSTR3TyDdTVFIaQnc02,NCT DREAM,Hip-Hop
0rW6fVd3yuW2CF2sLYWQtE,Dok2,Hip-Hop
0js3wKXyi7RL11sfOykRt1,dj friz,Hip-Hop
1DKIdDHKHi3rIwG4UB5zLE,DON MALIK,Hip-Hop
3zH8Xu8C1GnnmfpBqzdLPf,DELISPICE,R&B
2UaheMCNCnN1CrrnZnmh3j,D.Ark,Hip-Hop
6bIsFWNkjQvSm5P4rqlxKn,Don Mills,Hip-Hop
4l7mkcB0cZgIQrcd2AsQI3,DK,Ballad
7fB8Qn00ToFmUY3mAJJSki,Jeong Dong Won,Ballad
229KhSrjWsm62jVuSpQsBZ,Jeong Dong Won,Ballad
4E7PyG6Vo26X1I9qURf45z,DEEPFLOW,Hip-Hop
1eZ0sjIrNuSNiZSfjTYgi6,DANIEL,Ballad
7f4ignuCJhLXfZ9giKT7rH,NCT 127,Hip-Hop
41lcf5k3PkUdxupYLkcjCd,dosii,R&B
5uq0Z8ElRQOlg2Yavs3lVd,LEON,R&B
6WiANXryTQJOTCM3z8jENM,December,Ballad
0FRUZvZNPzM3YJMABJxf2K,WENDY,Ballad
3txAiGYUmI4p84stqOoi1s,DASUTT,Hip-Hop
50x9jHrP6wy9fo3jK5pNqS,sogumm,Hip-Hop
5vGoWnZO65NBgiZYBmi3iW,KANGDANIEL,Hip-Hop
5KNNVgR6LBIABRIomyCwKJ,Dermot Kennedy,Indie Rock
7pMFAOPNBL5beBLW4Pohst,Dbo,Hip-Hop
5V1qsQHdXNm4ZEZHWvFnqQ,Dreamcatcher,Dance Pop
3kDgt4vVKGTLmtC3FkOwWF,DJ DOC,Hip-Hop
6KsmQPHXE3qhzNNBPSZ0eB,Yoon Do Hyun,Indie Rock
1uMhweBMKu7nA1IgFc0yN2,DAYBREAK,Indie Rock
63cvWayCvPbWYNDi537w0z,DINDIN,Hip-Hop
72b1XZ6SmDRgHEOB7ypw9z,dress,R&B
3zYyfrb4r6ZHI5Di0rB9bV,Kim Dong Ryul,Ballad
7DxCK6bwfQC3F2ajZ02R2F,DAWN (던),R&B
3NeWfnkjhDK8umjBipcf5W,Darin,Indie
57W9ikVc6O2wLDtmclSjvN,Simon Dominic,Hip-Hop
11S00dFcvNvJahis8MTGMD,Tiger JK,Hip-Hop
64RfnYDHtR3ZaLdtxAjPDA,DEUX,R&B
0WfaItAbs4vlgIA1cuqGtJ,Daniela Andrade,Folk
3paGCCtX1Xr4Gx53mSeZuQ,NCT U,Hip-Hop
7G1kUsPtQCdolV6CPwHmh2,DOKYEOM,Ballad
7bPplWv4cZ1q26UY2Wmcvw,DPR CREAM,R&B
1kcYSWblYWOOMVOPNgbMYI,Drunken Tiger,Hip-Hop
69K447yK7IW0NCZGEh79e1,Han Dong Geun,Ballad
30AghIfoMJrMo1YqoUkEMM,Huh,Ballad
0fnx3yyvXH5E0UATpygzzt,Yun DDanDDan,Hip-Hop
3MaRWfwKpbYnkYHC5gRKYo,M.C the Max,Ballad
5DnjOSzLCfn4hDbLECq8pt,Yang Da Il,Ballad
6rmMpoeu2SIV4OLURCOn2e,SS501,Dance Pop
7bxWk0Z4S3IFnHX3LOBktS,Jang Deok Cheol,Ballad
7gjNpUcKOWzo2jnN7VsxoQ,Ha Dong Qn,Ballad
0Sadg1vgvaPqGTOjxu0N6c,Girls' Generation,R&B
3EfnKIG9827OXkcQQT7HEI,SUPER JUNIOR-D&E,R&B
13kJgvU22LHMsJtGWLmx7W,Girl's Day,R&B
3jEfM7ePpwC5KcJHMseRqA,Mckdaddy,Hip-Hop
0W0w607z3JEA1vXLz9FVGw,NCT DOJAEJUNG,R&B
3cjEqqelV9zb4BYE3qDQ4O,EXO,Hip-Hop
5t5FqBwTcgKTaWmfEbwQY9,ENHYPEN,Dance Pop
5snNHNlYT2UrtZo5HCJkiw,Epik High,Hip-Hop
56YvXhxjnImPI8N5dvtjm7,EK,Hip-Hop
4FqmqIspLaUGtxAFFLsZxc,NCT WISH,R&B
6a8cUmqOsXmjzq1aWKiVpH,E SENS,Hip-Hop
0LOK81e9H5lr61HlGGHqwA,XG,EDM
2ZmXexIJAD7PgABrj0qQRb,N.Flying,Rock
5069JTmv5ZDyPeZaCCXiCg,wave to earth,Hip-Hop
2xfxRiKxoHl5tI0MKyvqV7,&TEAM,Indie
18r9qka1AKwgqzUzaLdxhm,Lee go do,R&B
1xs6WFotNQSXweo0GXrS0O,EXID,R&B
3wRA5UYoo08BBKJnzyKkpF,f(x),Dance Pop
2FLqlgckDKdmpBrvLAT5BM,Eric Nam,Ballad
6wPBIyIIMxoqgux29bGF8I,EXO-K,R&B
0RLe3YEakXpt0FEXyFtwgN,Epitone Project,R&B
1sVSMPPNMMSZ7cQNfbvMOe,Eddy Kim,Ballad
15KDb2KpZRvX1updtyinK1,ELO,Ballad
0qDHjPB7TJPxYaQ0CWMEU4,YOUNGTAK,Ballad
6KhH771vq2X2Aom91nNzpZ,FTISLAND,Rock
3ZZzT0naD25RhY2uZvIKkJ,EVERGLOW,Dance Pop
61MMiylth1injW39oZBuYB,San E,Hip-Hop
6xlIFpRmRNDoVuFUqzuMFE,NSW yoon,Hip-Hop
4e2umhzNHTSeQnSCWPN0uT,EPEX,Dance Pop
48eO052eSDcn8aTxiv6QaG,NCT,Hip-Hop
6a3Mfrn2XBR1DfPg1QGa1d,Standing Egg,Indie Rock
59KuGY6nfY3w39O0qYVA7p,Keem Hyo-Eun,Ballad
5iy3vR4SC4VyuHMYaKpvTr,ERU,Ballad
0srGDil29MFy5x8asXqmfK,Electriceels,Indie
5WJOZ5N4iegy9XdltTo8os,EZ Kim,R&B
2ysnwxxNtSgbb9t1m2Ur4j,George Ezra,Indie
4uU7KfTjcjyKUGWSaTzLu7,015B,Ballad
3ZSbXArE6mxOleJnsumK4u,eAeon,R&B
6SYJFHPxXkr4SZJR8aLEml,EVNNE,R&B
5PIWabZPdU3YWRMbvD5nQJ,Effie,Ballad
6741jcSlgsv0M3B4ruIPS5,EXO-SC,R&B
3Sl8JLbi0kVTxW9Yh6AusV,서이브,R&B
7LOmc7gyMVMOWF8qwEdn2X,SF9,R&B
20gFWTh2tofhLIjyn2fHeG,Park So Eun,R&B
3S79khDmqHqH3SudDjO6dV,NO EL,Hip-Hop
14f1WN9TUDVBK4sHUStmLG,MBLAQ,R&B
24nUVBIlCGi4twz4nYxJum,fromis_9,Dance Pop
4GJ6xDCF5jaUqD6avOuQT6,FIFTY FIFTY,R&B
3qNVuliS40BLgXGxhdBdqu,TAEYEON,Ballad
3fXHHmLxAY43pSTlWnbYd7,Foggyatthebottom,Hip-Hop
4EPYWwU4c8eG2GzD7MenUA,Kim Feel,Ballad
5sp44iOiTOC0lXmN8zMRaT,플라워,R&B
1OjcBoc71FwlzD5cJGx7xk,SULLI,R&B
1IoxcWz8vPDGOJBQNCGEvF,Futuristic Swaver,Hip-Hop
0qlWcS66ohOIi0M8JZwPft,GFRIEND,Dance Pop
7bmYpVgQub656uNTu6qGNQ,HWASA,Ballad
0LigV2SSsRZaeX2htEFXV9,freestyle,Hip-Hop
2aRLyjYp7WPr4EkjkI1gvS,Fin.K.L,R&B
4Va11kshAHkYONJgZqhi0C,Fly to the Sky,Ballad
4ht1mwP4ouSu79jOOktCY3,Fromm,Indie
0BqRGrwqndrtNkojXiqIzL,Whee In,Ballad
2VjfPlcTFJhQSe8ALJJ1dz,h3hyeon,R&B
4Phfy4o60wGqoPQFl5oCP8,Forestella,Ballad
7rlMZAZYtRkjFg4HHhvYeC,FLY TO THE SKY,Ballad
4N2CbwZ7ekytt9Oi5dh4Vq,Flowsik,Hip-Hop
4N2CbwZ7ekytt9Oi5dh4Vq,FR EDEN,Indie
1YdXlK5f1tOeFoNAqiyKbV,furyfromguxxi,Hip-Hop
41uzoiojZhXj2jXpm6CaFi,일기예보,Ballad
4mUsQKPUlPpTe2C1MPW1QT,Fana,R&B
1sjw4xq2pAWy5Vdgba5QAt,HENRY,Ballad
4SpbR6yFEvexJuaBpgAU5p,LE SSERAFIM,R&B
6cdC1cwqh3eJAXaxXJt2jv,4Minute,R&B
1914MdASATT8uU54si1o82,피아워십 F.I.A WORSHIP,CCM
6p5JxpTc7USNnBnLzctyd4,Phillip Phillips,Indie Rock
4ezpY3tmP9KtaOOnWpDmIp,Hwanhee,Ballad
3IVjXrnR0npv1LY24kQSzd,FIESTAR,R&B
4uKVLCvDKjjNM58cXtKitT,Lucid Fall,Indie
1NyreDKOPoI1XxOv7xnyn2,Rumble Fish,R&B
02lSURBnybQit6FIm8zGDE,초록불꽃소년단,Rock
3lBxyv4EPpiE80Ji1Eyfiq,Mido and Falasol,Indie
6HaGTQPmzraVmaVxvz6EUc,Jung Kook,R&B
2MtHuR0W2idZdF7x4wddqq,GIRIBOY,Hip-Hop
7MWT3sTDz6GemZla4Y5oCk,Gist,Hip-Hop
2pRZp2WxvnWWiSPcSSYkNV,george,Indie Rock
0tkHE1pQ5ZCgQb8WZ0ba79,Gaeko,Hip-Hop
6bOmh7MQ7xtlCFE6YTFMak,GGM Kimbo,R&B
29HqjVbJr3vsc2l6BTI4eB,GroovyRoom,R&B
3kPEBSt7qgVoRZSbIXMr7W,GRAY,R&B
0hRHbwZ0xSwfVHl4FTv7jq,Gummy,Ballad
5VxfguafjfSdJcN10ACVZe,Geeks,Hip-Hop
5crpfIGj4lAUNuHYUY2TN9,GyeongseoYeji,Ballad
5Egus6b1x9pYOnqsG7y1f4,Grizzly,R&B
49cCO8Hy5heGnXj9hb6KEW,Gwangil Jo,Rock
67IWlRdLy3UcfY3q968euj,GEMINI,R&B
7Bu0r4MCDX3sbhcFD5IXyx,YUJU,Ballad
3ybZTNrlK0QhL4rBxfLHOc,Gaho,R&B
0lb59tIBwWrDfP6X956pkK,Jimmy Paige,Rock
3HJVw8aEtFqoc3raJVE8am,GD X TAEYANG,R&B
2kxVxKOgoefmgkwoHipHsn,Silica Gel,Rock
7AKHnZVqwXYuUwWJ8UGL5q,Girls' Generation-TTS,R&B
6i47wcSLvsZ9M01UO7zsua,Geegooin,Hip-Hop
7f5OHScUwC0ZKZzma5mMxq,O.WHEN,Ballad
5myBH2YqzOgyWoTKCsydAi,GARY,Hip-Hop
4ueZwsEtcqcO0IZywqgk66,G2,Hip-Hop
6nfDaffa50mKtEOwR8g4df,GOT7,R&B
4R60A85t9mTZzCqJlVswuo,Gain,Ballad
4oEXworvhegyK83rZwVyWL,GSoul,Ballad
6uNxlIP5lzPFf0BHuELOuX,GOT the beat,R&B
6zxWD2e5UlhmkO99LB4MP2,kaogaii,Hip-Hop
1nTCpd63NkuGGpCIbo4Ywl,god,Hip-Hop
49vOeJAPxAz6YmVZPNM7ys,Huh Gak,Ballad
3IjHX8KZKoeq3X4QgXxqbT,JAY B,Hip-Hop
3yvkljHk5EtugbEyl7O62H,GGM Soulja,Hip-Hop
36SV3bDEXPh4BdEAkXIlFp,Garion,Hip-Hop
7AQ2PocMnNWx7lwz4E1or6,Gitae,Ballad
3hzcooxMtbApMTvvn6XKVA,G.NA,Ballad
6Iyc2IvCGBNStXUmPa8hmu,Gavy NJ,Ballad
61jr8e2uLQusD1PLqTKqQc,Hwang Karam,Ballad
3WFFsW6pFOm0e2yVQLTYCX,Jeon Gunho,Ballad
3Cv2vi3WTl8VZOTdrBkKdM,Wonder Girls,R&B
7soLkPYUM3bq9RkmT5Hdfb,Gina,Ballad
6iLGJqxVgxxWsJe5bW4dxt,Woodie Gochild,Hip-Hop
2019zR22qK2RBvCqtudBaI,OH MY GIRL,R&B
3uCDicSmenMBtsKb5A51dd,Jeon Sang Keun,Ballad
4yvE3ttbP5uRwBQ0ZrhOPi,GIANT PINK,R&B
6R57JlNKlnNrYaji0vw8xx,Gareth.T,R&B
03xnkrKpi8IWMW96v7vUCl,Gwangju Symphony Orchestra,Classical
4F4rHRjTw15zhEFKvnLs7q,Osshun Gum,Hip-Hop
4hyF8Vtc73RYJr3RgTE2Zf,YESUNG,Ballad
0b1sIQumIAsNbqAoIClSpy,j-hope,Hip-Hop
433F0GjVZRnsjP8ztGEso1,Seo In Guk,Ballad
6GlkZqxomTSlcJUh9WvVKQ,LIL GIMCHI,Hip-Hop
6GghubkP0c1FPGeffPxTWZ,Panda Gomm,Hip-Hop
6MfFHNKaZ7lAQsm52eLNvJ,Jeon Sang Geun,Ballad
5zShiwTHlygdfsXj6eavTu,Golden Child,R&B
2krUNMgFZYm5s4Nn0g91W9,HAON,Hip-Hop
5JrfgZAgqAMywJpLpJM0eS,H.O.T.,Dance Pop
5dCvSnVduaFleCnyy98JMo,Heize,Ballad
57okaLdCtv3nVBSn5otJkp,HYUKOH,Indie Rock
3PpfvyyncoZ79IgYe0Uls0,HOMIES,Hip-Hop
5z8B2oTjiZbpbMB6rAfPGl,Heo Hoy Kyung,Ballad
5wVJpXzuKV6Xj7Yhsf2uYx,HANRORO,Hip-Hop
57htMBtzpppc1yoXgjbslj,Park Hyo Shin,Ballad
0yHrFzi7dWriMWhB5XA99P,Han Yo Han,Ballad
3yVEZNS0ateVfoj8FuazKg,Hash Swan,Hip-Hop
1jK4qH2wAXqF8v64zvaGRb,Ha Hyun Sang,Ballad
68TCVp5t1Dxi2TvNuYoYK0,OHHYUK,R&B
56U7IcfF1h54ZxOPqjEnjq,Hwang In Wook,Ballad
4Kw6Puq72YDjXvVBrBkdw3,Ha Yea Song,Ballad
2gqOqOw4ubWLifktn8SVr7,HOZIHO,R&B
7lXgbtBDcCRbfc5f8FhGUL,Hoody,R&B
64jfAecBriamQmMs0WAKtj,HYNN,Ballad
7cVZApDoQZpS447nHTsNqu,LeeHi,Ballad
6GwM5CHqhWXzG3l5kzRSAS,Younha,R&B
7H5EC2qaylGun66YeRrVHg,So!YoON!,R&B
5oihNt5Zntgh1XIsDqOGq5,Park Hwayobi,Ballad
78sJswwVn4P8aEhkF4K6fQ,HYOLYN,Ballad
3OBkZ9NG8F0Fn4oNpg0yuU,HA SUNG WOON,Ballad
02mf5BLKtAfIkAKozHPmU5,Kim Heejae,Ballad
7BYHne6KtWNlbJnjZwLLRW,HAEUN,Ballad
4meeMnr8eLacsB31ApsXZS,Huckleberry P,Hip-Hop
5GwQwY63I9hrUUFlQB8FYU,H1-KEY,R&B
5EXYPAGnOxvyTstoykxKd3,Ha Hyun Woo,Ballad
0m5ETFICJLAg6ageqa9FgZ,Hangzoo,Hip-Hop
4ang1laReM5X7wATItbxwQ,HOTCHKISS,R&B
4bST03NJ0YEysocK5AV1wB,Isaac Hong,R&B
0tVSrjQ0NpDlecsJwGmrMy,Lil Moshpit,Hip-Hop
7ocuKBIqxHfc5m49bY7hO7,Homeboy,Hip-Hop
5r1cOycfowIRNcVOfRn0AR,HAIFHAIF,R&B
689wBe4v9rvHjdNB4JUgYq,Hwang Chi Yeul,Ballad
3GXxRsiCLmZvM5oSeHbNdO,Lim Jae Hyun,Ballad
1khChLj7REGqjM043PlYyn,Xdinary Heroes,Indie Rock
31hDouD40df6TsqnZZpNAK,homezone,Hip-Hop
3UwlejyX2b458azZ7eCnHb,HyunA,Hip-Hop
47iEPxzKaGnZYqETB8v7Fn,HisWill,Ballad
4y2MA188txnWeMIw9XwaJS,Han All,R&B
7oLdNKm3z3mzXTdmPHLGU9,Hong Kwang Ho,Ballad
2G2Jiy00NjBxfbex9wXkeN,hathaw9y,Hip-Hop
3ytV7vc4ZuwGgwaOuWvkk8,MINO,Hip-Hop
4iVd8OOKGx0eT2Uo2nEpfH,Juho,Ballad
75LV0HV0cURCViNnAZ1SQt,HYB(허용별),Ballad
3T0fMfxYBU3q9oAUAdPIsr,HIGHLIGHT,R&B
23m7tUHLULVyBAAIYHbsgT,HUS,Hip-Hop
4F0KZ0SXe4z5xrgX6TXAPy,Roh Yun Ha,Ballad
0il5ZP3xYOECtONJtZ38Ln,KYUHYUN,Ballad
7aVeZFWXIC3g4b0Tn68ZtI,Jo Hyun Ah,Ballad
0n94vC3S9c3mb2HyNAOcjg,The Head And The Heart,Indie
3cpG0SJLIJ1qpQfjmlWlzo,HIGH4,R&B
1CjHzclPOS2unF1vRtgurF,Hanhae,Hip-Hop
1yewRvlKGWmNRHOSGgiRRo,Hello Ga-Young,Ballad
7l8rOFwZFQ3G0sgZ7gjGng,Jung Seung Hwan,Ballad
2LsV2BYhHlt1wGqVBu8Dwe,Hollow Young,Hip-Hop
3TW9U1f93tpGBsEtCSf7JG,HELLOVENUS,R&B
5LwiBgLTllBUiqQGNiQ7jY,HONG JIN YOUNG,Ballad
3U7bOaJLuFkrmDQ1C1OqKl,HYO,R&B
4R0tSGcVRQ8ZXPzttU8mHy,Hui,Dance Pop
3hay2yeaBpkCdgk0RdUiaZ,Han Woongjae,Ballad
5tYHIUOTcoDw6xMUkLEtzv,Kim Hyunshik,Ballad
3dQdwIvG10kKFroCxUjcp8,HWANG JI SANG,R&B
6zWAOib8XIaq1ttDw7u2j4,YOON JI HWAN,R&B
1PDK8zd6AR8D0fzJIhaHxg,High Melody(하이멜로디),Ballad
1Azg0okIA7BY6CMwRBLmud,Hwaji,R&B
5rGgflnIpRNizTCozbYBuY,JONGHYUN,Ballad
6zfPiJgoaqNPHsW3fsUlBN,LEE SUHYUN,R&B
35qf2lYforklQasGTtc3Uw,Herz Analog,R&B
4i0SfeqdXTLgRZOunMo4TU,Hillsong 한국어,CCM
2TCV57G47ttyy1JsVyucXg,Sohyang,CCM
6CeGrlHkhTuqMVLDQRQ4qy,Hong Kyung-min,Ballad
7KZnYmjUlqcJ8Hozbg64Lu,Hajin,Ballad
5QvjYtqN0mekeCiyhdAjss,Shin Hae Gyeong,Ballad
3Mrp5B6JdfoiObgY0WR8lF,HA:TFELT,Ballad
3Cit2bKhLzwUJPmP6jnXDC,HEN,Ballad
39mNLQ2I1Al3Ewrr9tTxhB,JEONG HYO BEAN,Ballad
0NT4MXp9wF0x8dRglwueHi,Han Hee Jung,Ballad
6LPV5KZBc1zBjX8AFZ2WWY,LEE SEUNG HWAN,Ballad
39Jf69SNjTiIQfCQyLh4Gb,Kim Hyun Chul,Ballad
291iCcDBlt31CB0rY9sQZq,Jo Hang Jo,Ballad
6w4Xk1ziLyfweN6w3KdhxG,Na Hoon-A,Ballad
3VOan0TuiwkfjnPLDXBPbG,SoonSoonHee,Ballad
22B1T23YzVRPPQkvN6AjSX,Kun-Woo Paik,Classical
2oTW5kYNj4eIgp68Z5W4D9,hannah bahng,Indie
7MnWezV00qoqnc9aeG0gxg,Jeon Jin Hee,Ballad
15Tra1ytu0naoNByIhZArl,Kim Kyung Ho,Ballad
21TmkTAf40eB7SiNLYptbH,Jang Hye Jin,Ballad
16sxdaE9mk0Kis9CTP7Uot,Lee Seok Hoon,Ballad
3xaGsC8Wew467UpEKhjXNZ,PARK HYEON JIN,Ballad
6z4R3mCiiIiLgpicseyNkV,LEE SEUNG YOON,Ballad
2KC9Qb60EaY0kW4eH68vr3,ITZY,Dance Pop
0Y2AcMPMpeuPXtPQGVvRBq,Lee Young Ji,Hip-Hop
71JjZRW0sCWpF1EuaS9TQA,1415,Hip-Hop
1FCug8HMxqearaZB5qwWQj,IRENE,R&B
4PPkRMbw2jIs7flJkl4okf,Izi,Hip-Hop
1bkpTEmumLC3xc7HgMsttU,INFINITE,Dance pop
49tkHHS0mXwa5eLYvyvKyd,I.M,Hip-Hop
0pfVDTchnVMBTzGylIuJNa,Lee Juck,Ballad
0WlRUcYhuk4rkUm4zEpXu1,Ian Ka$h,Hip-Hop
0fauHpmSHwodVYIjTqOGHz,Yiruma,Ballad
5JBHX6WmAltH2Axplbu0V8,Isaiah 6tyOne,Ballad
1qBsABYUrxg9afpMtyoFKz,WayV,Dance Pop
2bISdi2DpR6ApPu2Tkxlyz,Yunchan Lim,Indie
7wBrxhzcHVIis4VL3iR6hF,IVY,Ballad
0CO7rEbHBtpqgY9QPYJgPM,Jung In,Ballad
5CMK32w7gbxJsFe67eZJqs,I'll,Ballad
7n2Ycct7Beij7Dj7meI4X0,TWICE,Dance Pop
0cFZMug8SFBmK1saAOhC3z,Illionaire Records,Hip-Hop
12AUp9oqeJDhNfO6IhQiNi,Lee Seung Gi,Ballad
6bwp9ObI8FWvMPCIWVBmhl,Red Velvet - IRENE & SEULGI,Dance Pop
0lfuVlyKgbJIpdDXEfGRiR,Lim Seul Ong,Ballad
73kxDUq2Hl7Upy4o0yFxXv,INI,Dance Pop
1HBeN73z1CZ0E58rEIeozp,Shin In Ryu,Ballad
4FjoOJAndC0s9ZJUo6VGc5,Lee Hyori,R&B
7McwKT2tZl8LMXUQRH3YDM,Jung Ill Hoon,Ballad
6sLiM3MFm3Yzd0JwELsAG4,LEE HONG GI,Ballad
1qW9Pi35NXnu7Q8KWyVYe6,陳卓賢 Ian,Ballad
0s4jzJWYRhTxcW6xNssGEC,Im Se Jun,Ballad
4whjJjlywO81WrDptpdttm,Song I Han,Ballad
1D96VVpW4US2VSZaZGsRmH,Lang Lee,Ballad
57Rbh9mF8Peu1jOPRawGHW,Lee Eun Mi,Ballad
470WlqN9HSRDGNaMufeHHF,Imaginary Future,Indie Rock
4VbAtGhXMJr2AGXa8fkcRu,I-LAND,Dance Pop
4b7ZEkk5uXPlwX2IPuV7Q2,IMLAY,EDM
0SA2I3s4t7hmv1XVvky9Po,Lim Hyunsik,Ballad
0OmQCkk1rR3DJ0Y2NRxp6Z,IDIOTAPE,Indie
1o3mKG33qvuXI2s3HXTkYd,ILLSON,Hip-Hop
5UMrLI2cGbZ1RtIJOVlykh,아이큐 (IQ),Indie
6F6pIGPfLyO0mqmkspp9Up,ICE PUFF,Indie
6UaKk8mT8NH0BuUTFIhxN7,SEO IN YOUNG,Ballad
5357DGet3KsoJNwVkV7qvy,ICHILLIN',Dance Pop
3eCr6sH69JBBOe6s4oe1zk,Im Tae Kyung,Ballad
1jAN8TUTxjjsygfzHqVlmP,LEE SOLOMON,R&B
1J4mprhMd3Zi36m09A2MwE,In the endless zanhyang we are,Hip-Hop
7cXRMAMNbxRda5ImdTJQ5H,Inmo Yang,Ballad
2hRQKC0gqlZGPrmUKbcchR,SHINee,Dance Pop
1oSPZhvZMIrWW5I41kPkkY,Jimin,Dance Pop
5vV3bFXnN6D6N3Nj4xRvaV,Jin,Ballad
250b0Wlc5Vk0CoUsaCY84M,JENNIE,Hip-Hop
2SY6OktZyMLdOnscX3DCyS,JANNABI,Indie Rock
6y0LC7jdOFxVUG164nXZoI,JD1,Hip-Hop
0Ch0t9gI47Lkal71uQnmV3,JUSTHIS,Hip-Hop
6yFuoRFCsxQLasjZqdwvAM,Jayci yucca,Ballad
7l9DszIMmxbcc24RJwqJY8,Jazzyfact,Jazz
4XpUIb8uuNlIWVKmgKZXC0,ZICO,Hip-Hop
0pwxHyrzsUtx7GgGwNHBXT,J,R&B
4mbvd7ZJ2goftjy1L33LiB,John Park,Ballad
4CF0QZtzsHDYdTHqipMGdh,JAEHA,Ballad
0hW1muryuCdZLfjoLrUhnw,Yoon Jong Shin,Ballad
0lgENJQUkqkDbpsTYEayOr,JUNNY,R&B
4bjcB3ZKiHgPzJvY2S2FLN,Jvcki Wai,Hip-Hop
6evmYxFbDSIHilUaYC9MhL,JAURIM,Indie
2YXlVLKq3X3soXd2aXUtIT,JAMIE,Ballad
0sYpJ0nCC8AlDrZFeAA7ub,JOY,R&B
4CIo3JKWdZi41ZKLlSjlyO,jisokuryClub,Hip-Hop
7kXQtwn3ZRTBc8JYNyGwQy,Parc Jae Jung,Ballad
2dhnFfsPxve8lzhwfXVFpS,JOONIL JUNG,Ballad
64k5e9kV9MdukXjFrR5R37,Jessi,R&B
3tvnuk98r2VOv9ygTK8cjs,JUNGWOO,Ballad
2WPjURUBVWXD4VpP3ukbrb,J-US,Hip-Hop
6UZ0ba50XreR4TM8u322gs,JISOO,Dance Pop
6HvZYsbFfjnjFrWF950C9d,NewJeans,Indie
3LFFf4EpKn2krneZ9vozyz,JO YURI,Ballad
6FK6uP46ntwU9gaQQxTlDV,jeebanoff,R&B
3MhLDkENRwJOmFU5MSeLjZ,J-Cera,Hip-Hop
6tjbcCaexKI8esvvEZPVnt,Jiselle,R&B
4GqXWudNdgIhuDnYHFnQez,Jhnovr,R&B
6JVKVXmG208oS6QxiidDAU,The Jadu,R&B
1q1Fe4tXiu1Weq4U0uhqPi,Ja Mezz,Hip-Hop
1zeaekWal9sG8T6INxaeQM,Jang Yoon-Jeong,Ballad
0ZHGJr3gcX0fVYg1EQrcob,Kim Jin Ho,Ballad
1kfWoWgCugPkyxQP8lkRlY,Jackson Wang,Dance Pop
2wrI86paHc2IIj6VmGOAMG,JEY,Hip-Hop
1xIJdlCfkIVsdO5Egsu8ln,J.BASS,R&B
2WTpsPucygbYRnCnoEUkJQ,조정현,Ballad
6fTEkjuuZ3hH6fdeBxxbA2,JUNGKEY,R&B
0ZHbYuRbvC4tWW0iOdybwi,XIA,Ballad
4WItSECPefckW11qSnZXyv,JINUSEAN,Hip-Hop
5SkCZXyRQxw5ZLWAH5r4UJ,Yoon Jiyoung,Ballad
4SzO3ea2qcjg1uLyNJAWnM,Lee Jin Ah,Indie Rock
1vct46rBqLNRbE9wCibXUH,Jooyoung,Ballad
1Hj2c6llUPMtHG1JX8JMFA,jerd,Hip-Hop
4Imsd61cGosmAFBaMLtl4G,J Rabbit,Indie Rock
32nBx6aSKfWVXWTl5pLneY,Jin Minho,R&B
2lABrhldkvDYdYbpN33Fyx,Jung Chang Yong,Ballad
3jzvjysVAbooBjfvIqtqTY,J.ae,R&B
10exVja0key0uqUkk6LJRT,Vance Joy,Indie
2SeVOe0CXUEKtCq3BR5A0v,Jang Minho,Ballad
5ZjBaiZiRUZx4AmlzOOc9R,Junoflo,R&B
2Y9AUayH5pyZpVfkDYDfJV,Stella Jang,Indie
0DwdA5ZgTJcIQ2uIhc110D,Keung To,Indie
7kqUt0kZIfski1GVmbwjG3,Johan Kim,R&B
51FKMPw06mntCaz6yO6ddg,Jiwoo,R&B
7fB8Qn00ToFmUY3mAJJSki,Jeong Dong Won,Ballad
229KhSrjWsm62jVuSpQsBZ,Jeong Dong Won,Ballad
5a8EJtOEbUJDF4RX3mKK02,Woo,Ballad
4huxWg4T8DauhitzX1qSWI,Jang Pill Soon,Ballad
0F8gvxccUYPndXVsyLmCi6,JUNIEL,Ballad
4drjiBRSqZoTD67xgZCmNo,Yong Jun Hyung,Hip-Hop
4ccI4yOwtutWubdqv8gDwq,Jclef,Hip-Hop
1Yi2PEzEnkvddM1Zsfpde0,Just Music,Hip-Hop
3ViJGHHVOYothA6WMi2rYR,JJANGYOU,Hip-Hop
73Bihnu9ymiWuNTNtZLg9Z,Jin Sung,Ballad
6gzXCdfYfFe5XKhPKkYqxV,SUPER JUNIOR,Dance Pop
6uRyNreOHUvWPNGnKfIo27,SECHSKIES,Dance Pop
6zhAP0FoDccL9kuETOC20q,Jung Yong Hwa,Indie Rock
5Msp3jgTyvIgAbhCQIun0e,Jo Seung Woo,Ballad
5xhVZ42ABidt3DS9HJ5Uzm,Janet Suhh,Ballad
2rNnRYi5Hq8Z47auJ9DtDS,Jayho,Hip-Hop
2x4LoC3la2S3aUHxaP8w1T,Kim Jae Joong,Ballad
22GsBXoNH88NIr7Rl8k7oz,JooHyun Oak,Ballad
2NdXW202j10do6ammYu4N1,Lee Jung Kwon,Ballad
5FsfZj0Mp6YwEWytuJUcWt,Jinsang,Hip-Hop
7jPVuaaHLs4QVSuN561jZt,Jessica,Ballad
0HXCe7R2f1Us5bAW7ohMC6,JUNE,Ballad
4WMs26vY2z4DWUmWnDVaYP,Jungyup,Ballad
2frFGmni9tkRgXYdXmzQvR,Shin Yong Jae,Ballad
3aJJ3PgNVHdHGZ1XPgtSEc,JOWOOCHAN,Ballad
23pnZUOyyTzYzg5GZSvj4Y,JYJ,Ballad
3GS6aA2KRewQL4VhUtIpet,Lee Yejoon,Hip-Hop
4wX95R4bzGztvCtWuRqJdH,JEON WOO SUNG,Ballad
4TEK9tIkcoxib4GxT3O4ky,KISS OF LIFE,Ballad
7IWshUcKfJyDWrbiF2XT8J,Kid Milli,Hip-Hop
6opErDv4ZN3ZgbaovBUStM,KOR KASH,Hip-Hop
3c0gDdb9lhnHGFtP4prQpn,KATSEYE,Hip-Hop
31VffPWiL2AAwNIMODB9qZ,Kim Seungmin,Ballad
6f9bmfkqiYbhCtdAZsv7KI,Keith Ape,Hip-Hop
4gOc8TsQed9eqnqJct2c5v,K/DA,Dance Pop
0Sr5L3iWPn0k6KnDr8RYS8,Kim Kwang Seok,Ballad
2dIgFjalVxs4ThymZ67YCE,Stray Kids,Dance Pop
4dvmLXorXADxVq8EcySEWk,Kim Na Young,Ballad
1XNC9ksvgXeD1xRJruSA5t,K.Will,Ballad
4rxWm4OrS8IRQ3YxDUwnJA,KyoungSeo,R&B
6pU8o91xAS0aWNjj06nQSU,Kassy,Ballad
6XXKPxRX2WWPPtfodzpc2v,KEY,Dance Pop
13jYpBHek9LD68d1ZwWmu5,KHAN,Ballad
10LaysU4hUTEGtWwC0Zbrm,KYUL,Ballad
3CHn74oCO6xiThDGQcDMeA,Kim MinSeok,Ballad
4vsTrZ8Y7nKqQM0BJQ6Dvd,Kim Yeon Woo,Ballad
32wJE7JooXm59HxYhy7caU,Khundi Panda,Hip-Hop
5jiscb6yxuu9hj4BoW5Wea,Kim Yuna,Ballad
2wCEpu2tMAildqH0BrJNT7,Krr,Ballad
5fgP8B58gK5ImP0wcoyj10,KURO,Hip-Hop
4qRXrzUmdy3p33lgvJEzdv,Paul Kim,Ballad
0oN8IZB1C3lY1ABKwJOu1I,Kiha & The Faces,Indie
7aZ221EQfonNG2lO9Hh192,KARA,Dance Pop
3ErHVJMsxTq2lLSmnONBm9,Roy Kim,Ballad
5T8LKv9A1vEnwMCO4dMo3c,KOONTA,Hip-Hop
08J6v4qHZz06ua0qAicWmE,Kim Sawol,Ballad
6iVo62B0bdTknRcrktCmak,KAI,Dance Pop
0QNzgimIjJDcLFLFhnG6M9,KYT,Hip-Hop
7nj9JLgGDx7CRNUKzptaCj,김수영 Kim Suyoung,Ballad
57YbQhFBBDksLzX08lqVnw,Kim Jin Pyo,Hip-Hop
08KbKkPqaYNFYM9R5eMjuM,UNEDUCATED KID,Hip-Hop
7jFUYMpMUBDL4JQtMZ5ilc,Sung Si Kyung,Ballad
5R7AMwDeroq6Ls0COQYpS4,Kep1er,Dance Pop
7ksQJtsXSRSrI5306UwIgH,Kim Jong Wan of NELL,Ballad
2cijK40RWU3ouFUnwW8v3K,KCM,Ballad
5OFQZvle7HH55LvauNmUIi,Kim Tae Woo,Ballad
6ClAFFqc8VEOKSGTrvy8V5,Kuonechan,Hip-Hop
60YNqzrSj7rJkuqHkpHPqG,Kim Jong Kook,Ballad
08c5z2rVpcPu7QylOxQCFA,Khakii,Hip-Hop
2tB3jPHyyfcxvvor2flc1Q,Kim Ximya,Hip-Hop
3SqnTAwj36AgFDT1XVIPD8,Kim Jung Min,Ballad
3dFiM806dnbA7YUIgOHDBc,KIRIN,Hip-Hop
4xQ4GjBomHvTRL1GO624zd,Kwak Jin Eon,Ballad
4BBN286rBKyCWsSPq2cxYO,Sam Kim,Ballad
1Z8Khxem5wcnSoH3WpwMbF,Kim Oki,Hip-Hop
6yvfQfQ8CS9aXvGlyHEdoi,강수지,Ballad
24jJXZRz3aGvjVvZ4OoerD,Monday Kiz,Ballad
4YMP326oNG8AQdTRang2yA,KillaGramz,Hip-Hop
3pj8yUKN5sRyQS1xkRCTFi,KozyPop,R&B
62i8ukH7NagOk7lZE6B3xA,Kim Mi Jeong,Ballad
52MWHSohXVqTyGhBPRJepS,KIHYUN,Ballad
0GVLMUDDJxgVWTpHcVFA2z,K.vsh,Hip-Hop
220c8fiYAk89nqAgw4x4z4,Kim Yeonji,Ballad
4T9AuhR3YqSqaPgXzPiAuH,KIM HOJOONG,Ballad
7pzL12Pd5NdHCjHzp5bh5h,Kang San-Eh,Hip-Hop
2nDC4PH8XE1gHeeAxVLXRO,KATIE,Ballad
7LdZwtnhfB1GoC9SE9tvyb,KIM JAE HWAN,Ballad
3X9mQSyCBKAV74OUSf7zLt,kitsyojii,Hip-Hop
35CFI6iSFTyM0scQKBu8eE,Kim Kyung Hee,Ballad
797zr1JFQLxAHNQEl9HKlp,KIM A REUM,Ballad
2JhAlkmukNvarUpGhTFXUQ,KARD,Dance Pop
1PeAdO7bawJcZXcsLVXSSp,김형중 Kim Hyung Joong,Ballad
0hT0UrjmzkLJouAT52ck6j,Park Kyung,Hip-Hop
6iBjPtCEGarFwpdJUc39P9,ksmartboi,Hip-Hop
4Dg0FW3kt3GShHgwPbY1bj,Kash Bang,Hip-Hop
3Xp2BCax4mS6EgstD0OyZR,KOYOTE,Dance Pop
16QTzUy1Yj7XeJv2jGMo79,Kang Asol,Ballad
0jVvkFPa6YbFXQ3Qmhita0,SHINHWA,Dance Pop
3e0aTvNjIG93ye2YlL90UF,Kim Wan-sun,Ballad
2Ip3x4XtEEhlGg8qI146jL,Kang Seung Yoon,Ballad
4rrL5p18CxtmmkT66SuKzZ,Kim Soo Hyun,Ballad
6l3XS49h2cvD2rcU4TaBTz,Lee Kang Seung 이강승,Ballad
49fyJl5wIzI5GtRuCKxKRw,Na Yoon Kwon,Trot
75MOYjGEyyH5U4ZFHOPvxR,Lim Young Woong,Ballad
2e4G04F77jxVuDYo44TCSm,Loco,Hip-Hop
79g2STpP2iV1xfgHuhrhX0,Leellamarz,Hip-Hop
5L1lO4eRHmJ7a0Q6csE5cT,LISA,Dance Pop
4eh2JeBpQaScfHKKXZh5vO,LUCY,Indie
6y9nlaoynxSvoTGY09Vdcy,WOODZ,R&B
2eVlgLy3Aym09gM3dqx6cq,Lee Moon Sae,Ballad
3l9s67pOK4Stw9yW1wr0Bg,Loopy,Hip-Hop
13rF01aOogvnkuQXOlgTW8,TAEMIN,R&B
2TTGZUWJg6LIOWsmCEgKCZ,Layone,Hip-Hop
0JGN9XIqm3vfg7hhPHjExI,Leessang,Hip-Hop
3gg70JN79TXhAqklizHOva,lobonabeat!,Hip-Hop
58BWh3yJrluDugLv0QF0eC,Lee So Ra,Indie
4uqXu5Qybes6RYP8ThjoEV,Lil tachi,Hip-Hop
1A6WCseWiK22oxqodg7vcy,Lyn,R&B
16oZKvXb6WkQlVAjwo2Wbg,The Lumineers,Folk
5FsMBpsPFTzURDjb2T3ane,LEE RAON,Ballad
3VHFAtB6fPQwpAWQ5rn4uc,Lucia,Indie Rock
3g34PW5oNmDBxMVUTzx2XK,Lovelyz,Dance Pop
396SgLoc5TB6oqatyTy2HD,Los,Hip-Hop
2FDl06nCrSYpA1n9PLZfen,Lacuna,Folk
1cDDtQ75Yz5Xi9sA16wl3N,Lee Yerin,Ballad
7gSVTyMFvcvwb6JUAJzLb2,Loveholic,Indie Rock
1XlyP7FKwWs9j8GTdk5m4k,Lee Chanwon,Ballad
3yqfDFGcPyMlSaR2AMKaSz,LEEWOO,Ballad
4uaP0mhy7ViCvT00Wduonj,Lee Sang-Eun,Ballad
0jhgI3xU8n2o1W6EOw9dIf,Light & Salt,CCM
4ZQVfuvon3XnGYkjTSey1O,Lee Sun Hee,Ballad
6GrRqCT2aRWjPMUmPY8oR5,Lee Soo Young,Ballad
52zMTJCKluDlFwMQWmccY7,LOONA,Dance Pop
523GImBnBoIvcq0n8BZIv4,Lil Cherry,R&B
4iO5uKMUphLqQ20TfrdZx3,LABOUM,Dance Pop
1kbVoxpFh1eDOXumLmVdKY,Loossemble,Dance Pop
6bdK4VbII2XlfccYCeK47S,Luci Gang,Hip-Hop
17vCFclNbTzsDfPgsaWaQO,LEEBADA,Dance Pop
4HwHRZI8xz6Zy9vOksqw7R,Legit Goons,Hip-Hop
2k5qXj4B0cMlBbLJOVQMUJ,Lee Sang Soon,Folk
0BpbTGO68X4wV2aLBzjnhL,LambC,Ballad
6b29EYSqnLhUyxC3yyNbyr,TRADE L,Hip-Hop
4o7tWrzQOqarDtTMWD2HV9,LAY,Hip-Hop
2KbxyNY5Dt6CJ6FBLcWfkH,Lee MinHyuk,Ballad
2Cl2zS9nttS8xQeCp7zYT1,LIZ (IVE),Dance Pop
1A3vuBmPryol3FWagK8Tt7,이정현,Trot
06lmDAKbe4tXjN9m7bRaQj,Lee Ki-chan,Ballad
2uhdqkoAiPkJq5vkEQSlyE,Lee Hong Ki (FTISLAND),Ballad
7JE09i08qDhfHKd0rgFeEe,Lee Hae Ri,Ballad
4yltNNj8uZnhQNh9XyGlwD,LEE YEEUN,Ballad
23pIKWIsXMWPwRiW9fjJzY,동요 Twinkle Little Studio,Children's Songs
08hHTBHlv0WRXWlyrsb6Kv,MEOVV,Hip-Hop
70DFixYAFPv4Pf9kgSfR9O,MARK,Hip-Hop
0frNU3rG4ltOP4GNBA1g4j,MAKTUB,Ballad
6k4r73Wq8nhkCDoUsECL1e,MeloMance,Ballad
5KuvNz7npsGeDJdk8QHMVH,meenoi,Hip-Hop
1Do4bSzfUl0KWL9r1fITu0,YOON MIRAE,R&B
08uRwDeNv1d7FSwlOUZdSn,MINHO,Hip-Hop
6N7b9mUVwn885jI7RRg8no,MIRANI,Hip-Hop
4TnGh5PKbSjpYqpIdlW5nz,MONSTA X,EDM
36MQil20hjOpG5f52NQ4du,Moon Sujin,Ballad
0XATRDCYuuGhk0oE7C0o5G,MAMAMOO,Ballad
7EVlq3yUVHbHZZsaYSOcXt,Meaningful Stone,CCM
66XFafJbOdyLgrEj14PQBk,Markers Worship,CCM
1UIxKzYZnlJeF9siZ6IE1f,MUSHVENOM,Hip-Hop
6XBntNN5Zh9iBg8adnaY74,MC Sniper,Hip-Hop
4xHlg3Tcv7TZZzFq0aW2hQ,Mudd the student,Hip-Hop
1o13ZguNtAOcOe1k0chkta,Minsu,Hip-Hop
1eTft3tXynrKdo6XD7QHLL,Moon Byul,Hip-Hop
7u2Nz7Bj2vbCps9AH5q6do,Munchman,Hip-Hop
5uTV2OmIMuh7i1xlF7hKrk,Markers,Hip-Hop
5xWKWXamxbujIdti9xpnI1,Mommy Son,Hip-Hop
6UdKtISMXYKSR8jcgtFePo,Rad Museum,Hip-Hop
04xEkodoWyFji8icX911jM,Miso,Ballad
3ISWX9gKLGkhlgS5AhvlTd,Martin Smith,CCM
1Ktiv08TbBy195pQUH8Qld,THAMA,R&B
5RR0MLwcjc87wjSw2JYdwx,MOMOLAND,Dance Pop
1SHIOlNm9pVZ7EzO9322AM,Skyminhyuk,Hip-Hop
28ot3wh4oNmoFOdVajibBl,NMIXX,Dance Pop
1VwDG9aBflQupaFNjUru9A,NAYEON,Dance Pop
3JfHHtYuuQHtMtw2T7ff4v,Nilo,Ballad
3Zn6C68VCosoQrxu4D2Btr,nafla,Hip-Hop
5WY88tCMFA6J6vqSN3MmDZ,NELL,Ballad
2G5VFTwwlZUulCbtPbc1nx,Noel,Ballad
6v5cGuRCZKq08nLI4WXJuB,Nucksal,Hip-Hop
0MrJIVLnVbubveFG4zSy88,Night Off,R&B
620Vx5hEMowoa71wXk4bu1,northfacegawd,Hip-Hop
6qKi9ZFq7JiwMy2LvMAqNp,Norazo,Trot
7t9GBnoezuCQxIIoMaE8KO,Nochang,Hip-Hop
5t1uryofgueHrjrryqX8vM,NINGNING,Dance Pop
1qOPo6b0U3t7BpyO8Ti1MF,NIve,R&B
3Y1LtzQCx5Wi8diwdvoII1,Nineteen,Hip-Hop
3Q5Qep7ytrjVleNnMnntgQ,TEN,Dance Pop
07OePkse2fcvU9wlVftNMl,SE SO NEON,Indie Rock
1iQfn1B8V25iQoolQakyAZ,NU'EST,R&B
55tJwpPIz9BMrSLM45iEXX,9MUSES,Dance Pop
2067CjQ2nC56cRZX8goeHg,nævis,EDM
2Uvrls9HlspsRUtW6mp4Q3,Norwegian Wood,Folk
6keuCA49b9am8lisSodCh7,No Brain,Rock
610EjgFatGvVPtib97jQ8G,NEEDTOBREATHE,Rock
2TYMXWSySlq8RgLAYd8MCg,Nam Woo-hyun,Ballad
5XrrlC9b4hEqTo4nCyPQMD,Nam Jin,Folk
1SGMmGdOG6E3YHaXdVaLTH,Urban Noise Project (얼반 노이즈 프로젝트),Indie
5TaK8pOYVARAr5cdgoa8EW,NEXZ,Hip-Hop
0gdWU9IX6LIiuPvXh95pas,NU'EST W,Ballad
0DRiXmEOc6dJ6Rug3xi4HZ,TNX,Dance Pop
1vOJqsD0H57xUKg9IcknD9,Nam Hye Seung,Ballad
1l0mKo96Jh9HVYONcRl3Yp,2NE1,Dance Pop
0dTj3SqwE8kPnCzyzvYzhT,offonoff,Indie
4FuRHFtCeoYaeeVDKyyvbS,OVAN,Hip-Hop
5rP0axomfqfxm0QavWTdvO,Owen,Indie
7sZ5ipSoboWdqXkdj6AXHo,ONEW,Ballad
50Zu2bK9y5UAtD0jcqk5VX,OOHYO,Indie
76eIrOIqck4yuOhrYZGx3a,oceanfromtheblue,Indie Rock
3YRGcoHMIvWleQfa0qa1D1,Ourealgoat,Hip-Hop
4D9foUQxTrsS0w2BeyCD16,ONEWE,Rock
5XdnR0kqQUWzeTDdsJNulO,Okasian,Hip-Hop
0eEhOgZ2x6kv8kLz77WO7b,ONF,Dance Pop
3ZPELd2uCgchQqhLgvrDrI,O3ohn,Indie
05Tt2bRgkP3yY2TnpRMvpS,Yangpa,Ballad
3CVYSpM7nfHFG5qCTW7Ht9,ONEUS,Dance Pop
43qbEc59aqLydrvuWsrNoE,OKDAL,Indie
4ls4GQkl0kkBlAWq2DgS0z,OLNL,Indie
46KQM3HJyONaKRTbcfNPlU,Omega Sapien,Hip-Hop
2QHTtUsN6Q13w3QHdfRqsK,Orange Caramel,Dance Pop
4dwdTW1Lfiq0cM8nBAqIIz,Of Monsters and Men,Indie
1i4Y4WlFFetQV14Z8UDdvr,Outsider,Hip-Hop
72b3VgmhJa2YqlypqHdrXa,OXYNOVA,EDM
3g1lnUW8xnEPCO60kORskb,OoOo,Indie
0YMpM4y1fUUHhBLFnYVOaD,O.O.O,Dance Pop
6cXolDFPOgf0wuRe5kMPxo,Odee,Hip-Hop
11BHuhJ2jEMPNJ3WpwZVT8,OuiOui,Indie
2QM5S4yO6xHgnNvF0nbZZq,SEULGI,R&B
3Fe3pszR2t4TOBVz41B1WR,The Oh Hellos,Folk
3eAsBHDYXtCSn67Zynq3Qd,The One,Ballad
0tsXBeeMipHNUtu5GtUAWV,onthedal,Hip-Hop
6g1CbXF83eU2eSvIUU9COb,off the menu,Indie
107BJB3FuWpbFLRaVsAMyB,Odd95,Hip-Hop
2CvaqAMMsX576VBehaJ0Wx,Wanna One,Dance Pop
36Hd8M3GV2FLpHUEDH6bCz,ONE,Ballad
6ypgjfzuOVkVw9FEyh2UD5,ONE PACT,Hip-Hop
1l1VfoWjli9N3MJH2tAWCA,Olltii,Hip-Hop
2FJYWlqgtoiBtXpOy9GGIF,OMEGA X,Dance Pop
2OlCSUqTMqHguyNtdE0mdv,Sultan of the Disco,Funk
7iWynR4oOvJpSKOAR3zazP,John OFA Rhee,R&B
5lC9qDfzcZb5iQp6x17ASP,OurR,Indie Rock
31jg46rtB7MyrVPXZATmsa,TAKEWON,Hip-Hop
32jdgEsyvdXqUoReMyR0gl,Overdose,Dance Pop
0yhoq5pPSa7eCpA65358cU,Oh Jieun,Ballad
0KaZcu3pEVHfYOnB62eLFp,20 Years of Age,Indie
0iQGSzpJ0G0lsugv8jsJHd,OnlyOneOf,Indie
0k2zyzGq6HX383VlMBOvRG,PLAVE,Indie
2u7CP5T30c8ctenzXgEV1W,pH-1,Hip-Hop
3JjvsPeGMbDJqsphe2z8xU,P1Harmony,Dance Pop
0J372uvAXbRjLFSoAVE2lp,PATEKO,Hip-Hop
2dd5mrQZvg6SmahdgVKDzh,PSY,Hip-Hop
4QDcs3XrA8uHUZ7Xt9Ytep,Primary,Hip-Hop
2Yv0nlRtzgPl6u0dsS2hFv,Paloalto,Hip-Hop
1MAUqH0haKBYbjpknTfreY,PENOMECO,Hip-Hop
5enwJ9yOnKlCP91ov4Dqhv,punchnello,Hip-Hop
1Ri5P0CfdNxdIkHX6es8Xd,Polodared,Indie
0gos4GVpI0PzhyrWhsc7nj,PEPPERTONES,Indie Rock
46Bj2frkvUzqJUwcSx24Wo,Position,Dance Pop
0gadJ2b9A4SKsB1RFkBb66,Passenger,Indie
7isCii8IZOBPInAYFn2n5Q,The Poles,Indie Rock
1XujSdsxykPhP3dn6HaT4l,PARK WON,Ballad
2NVYd7nCno3gh2Bz9pWtfi,parkjiyoon,Ballad
7eZbNxarrTW4VkRI8u9aDX,Parannoul,Indie Rock
2STSJ8XxhIbtz3CNwLZcJU,Peakboy (픽보이),R&B
1wKpMkucynaTfG8lyPprYV,PENTAGON,Dance Pop
3YLoKDj5EXsg3AorXDgLlz,Patti Kim,Ballad
3ZRrPmnB6ORWKeEJ8qawnP,PL,Indie
7ngC61jtmmjDi2vbJRG3yq,P-Type,Hip-Hop
3aycZMYDTnN0trM2XnTI4Y,POW,Hip-Hop
5PBkqMGQIERbzE5fSqdMr0,Park Eun Shik,Ballad
5dHfLBNU8zoypgKefzEB1c,Pomplamoose,Indie
62T5PGHWJ9sxP2SJq20IHq,PURPLE KISS,Dance Pop
0tC995Rfn9k2l7nqgCZsV7,Prateek Kuhad,Indie
6vhLgVqFLRdTEilwzSs98z,PULLIK,Indie
7vMwmuQgDCbHQNdd7Kj3vV,Park Mi Kyung,Ballad
67tLOYsYotlQJC9GaNgoce,박지헌,Ballad
2PJbnaqDJHOseHq5StoXzD,PULL UP 22,Hip-Hop
1LIw1nom0dT1E99JFLINqh,PARKMOONCHI,Hip-Hop
7bVJIMenC0rlgot8O60qpF,Park Bird,Indie
5bxwvIM9PX0CkpS6f1L2Ff,YOUNG POSSE,Hip-Hop
0XufO9nLOKNN0w0qNrDrZy,QWER,Hip-Hop
0wMU0ruU41VLCAdBaWBo1j,QM,Hip-Hop
2qI1pO64eYqGUiv1XTw4cy,The Quiett,Hip-Hop
3pDs57Od1KfGb0RmmWhGtK,Qim Isle,Hip-Hop
5FQWaF32sJ8rXb8aPcj2VI,Queen WA$ABII,R&B
1OjJhleIzE5CS1BGmVQplW,Queenz Eye,Dance Pop
6Rw8YbGwaAeYXAyWknX2GU,Junggigo Quintet,R&B
33gA8ycF2yf6GpiJuqO5Fd,Jeremy Que$t,Hip-Hop
1jM93JdHroRBk6cE2o3Nws,MY Q,Indie
75X1AosgRNJ3OkpcrDS8TP,謝芊彤,Ballad
3OtqsRTALj9TSZhAZfxpgA,Forte di Quattro,Musical
3eVa5w3URK5duf6eyVDbu9,ROSÉ,Ballad
2jOm3cYujQx6o1dxuiuqaX,RIIZE,Dance Pop
6I5eyZiVUpuPwE8mTXp7hC,Royal 44,Hip-Hop
69H1Ooj2eBJXLTk3IEBV0v,REDDY,R&B
7luxe2wCwtDtkKSP8ZhPLn,Realslow,R&B
5na1LmEmK2VzNLje9snJYW,The Rose,Indie Rock
5LHu1iF8m0XtRBEJbbwSoo,WOOSUNG,Indie
0jUn8CXobOt0IixyR72una,Rothy,Ballad
7bb3cdFh1kkHdopjeJRgca,Roo'RA,Dance Pop
5deOsjuFTKrNMJW3rKuL8S,RESCENE,Indie
6znlp6eyARykI2zjw8HSxM,Rollercoaster,Indie
4YXNoMVTHRt01jYaKXTumJ,Raiden,EDM
10jo9gGaXEw8lAgB3gK0c1,Rohann,Hip-Hop
3NdOtTPPaXrCyC7Lpmzyhv,Tablo,Hip-Hop
1mORehSVEd7lcaT2d7Sl2K,SURAN,R&B
2RLCgVKRIUWY5Dz5azW6Tk,Rakon,Hip-Hop
0Mt9IxntWHsf793bLZhQ9P,ROCOBERRY,Indie
0fwfMuz3AmWRy2pyM5fDRo,RYEOWOOK,Ballad
20j1uz7iDOtIvIzCr5S8nx,SEUNGRI,Hip-Hop
1dWnMziLbosnKyEUDuzzoJ,Shyboiitobii,Hip-Hop
5DIi2JWfQPTKffaVBlIYRn,Sik-K,Hip-Hop
2c3IakpImjWyeXNvyyGsdn,SG Wannabe,Ballad
6F5tPDq3TIduDv2ki6O1Oq,Swings,Hip-Hop
01XYiBYaoMJcNhPokrg0l0,STAYC,Dance Pop
6naXFodImN2DwRmKCQHAUt,SOLE,Indie
2bWTIIQP9zaVc55RaMGu7e,Seori,Indie
3b4kLCI0ZJW47TFsNRqgCb,SOYOU,R&B
0ebNdVaOfp6N0oZ1guIxM8,SUGA,Hip-Hop
23LskvW8ErKu8v1teU7xFZ,sokodomo,Hip-Hop
02SENF0XVfxRTZrniEV2aF,Sin Ye Young,Ballad
72nLe76yBFSlP6VBzME358,SHAUN,R&B
0K4MGKGmjtdIE0W3GkGmyU,SUMIN,R&B
0seDu6vvqbUnPUk6s6a616,SINCE,Indie
6MoXcK2GyGg7FIyxPU5yW6,SUNMI,Dance Pop
19e5d7VkNQCFklPG8Iqdy5,SILKYBOIS,R&B
7owveHzN1hmQuw6Ojg4sI3,SURL,Indie Rock
4U80LJd8sG6U9YTFP5izka,Suzy,Ballad
18VQ59noY7aOj59UNMozHp,Sondia,Ballad
2wTLheTmMcFCA4hdY8hZJP,SISTAR,Dance Pop
6dHoQP2ONf0e9DMH94Obo7,Supreme Team,Hip-Hop
04cr7qH71klBu2x9H7c0Iw,Sanullim,Rock
7CedIKpt1GTubqlwD149d6,The Stray,Indie Rock
2pvCf5g7XBReiPIvcq7W18,SAAY,Hip-Hop
4xgRWQOK2y3pGRFtmWNjyw,Shin Seung Hun,Ballad
61HUG80Xma4rnXsqfZkzeM,S.E.S.,Ballad
4saSwzwWZffYhoS1aFgncp,Sweden Laundry,Indie
0YE7929Kw8hXmap9LKxUiC,Swervy,R&B
4Ly0KABsxlx4fNj63zJTrF,Seafret,Indie
5hb1plh7RDdl57ztwwzAzm,Sumsher,Indie
5BHFSMEjfLVx1JwRWjAOsE,SuperM,Dance Pop
4I13kBfOo5vI4LT8oNE0Fy,Sagong,R&B
4ErSSLqJ6lBxlgzBrkjubZ,Sogaksogak,Hip-Hop
5zkf2Na8DKKJmtWX5Xrx3m,SUHO,Ballad
22aCD8IrQZjcPgZw728QT6,YUQI,Ballad
6VxCmtR7S3yz4vnzsJqhSV,Sheppard,Indie
4GgBKgxhc649frZDHcXIEz,TWS,R&B
6S4fsREHT1NEjTb3lYD2pG,THORNAPPLE,Indie Rock
5Z71xE9prhpHrqL5thVMyK,tripleS,Dance Pop
3KonOYiLsU53m4yT7gNotP,TREASURE,Dance Pop
5HenzRvMtSrgtvU16XAoby,Zion.T,R&B
4CYjITN8Au3K5CWFeex7fU,Tabber,Indie
4g7R2X5sUsylJwYxnfwCJR,Tophyun,Hip-Hop
6SKusTjOAPsTZ6kareKQdm,TAEYONG,Ballad
2jLHrOkh1M5rLJgnrgfQf1,The Volunteers,Indie Rock
1MMbv4LTpwbh2APtXuwaZN,ZENE THE ZILLA,Hip-Hop
1z0Hi3myYw4x32xCq0H3aq,TAEIL,Ballad
0pnTDtr7r9ThLMVrEZ6byK,Tei,Ballad
7hKH0uNhhgWJCumCtKMYey,twlv,R&B
52Gsa9Zypqztm2DeNkQfCm,Seo Taiji and Boys,Rock
7sS12h1hMwOqXiB5vYdlu8,TOY,Indie Rock
3offPqpKAKmpQkIdWnjzkc,TEEN TOP,Dance Pop
0ztjVBmFk6OuHq6XBBwMI9,Trouble Maker,Hip-Hop
5iRPbkcPmqAFFwDUj6ywVS,오후 2:00,Dance Pop
5SnaL8SsjGMHQNyqpa8Zos,오전 2:00,Ballad
1dOMFM5wDNsENQQW0nl0K8,Urban Zakapa,Ballad
2k3wogLJyPnkEpb2pn3GLk,Un,Indie
0Qr4St9aCOLu41Nt5QZIz1,Ugly Duck,Hip-Hop
7xGZWuU7JrDQmJ00L9UzhB,Uhm Jung Hwa,R&B
2HDRkPTO5A59sFcC2ROGbw,Untouchable,Hip-Hop
3A1b2Lg9tPuQyR7ab1xgp8,untell,Indie
1gjzJCtXM9MERO7IyUNLUN,UP,R&B
4zmCovcjfUoYP3VilaMGxb,Yoo Jae Seok,Ballad
48xyu8QHo1IhsQZGlgNGYZ,UNIS,Indie
3FYwrGRWL93eQGcUoVkDO1,Woong San,Ballad
2GB76Lm833jVI5kLvKEB7Z,UKISS,Dance Pop
4ULMN5yWXAK57P2mlJkJJI,U-Rim,Indie
15UyjlO0ZuDaSjXUGytDbI,U Sung Eun,Ballad
7wjamanZYmiJrwTF9ey7cX,uncoolclub,Indie
2k9HHCIZFoVeZcImqhy0cL,Uptown,Hip-Hop
3QGKsAfhZdldQCLuLjk6zl,Us The Duo,Indie
4lqxrwkJ16gYkKNumLA3SL,U-KNOW,Ballad
62o031Yt7PZ81GQSyTg6jV,유성은,Ballad
5DuzBeOgFwViFcv00Q5PFb,WINNER,Dance Pop
6g2HsIivvQ7UGirVhksd92,uju,Indie
6w3YHlIFm3SL3IKtlsMoQO,UNIVERSE TICKET,Indie
7mgY992t7YTx6UELsoIMRa,WOOAH,Dance Pop
0Jg9wm9FOhjtWR3mheuMPF,Unikid(유니키드),Dance Pop
4qV3XiR4FiExupNDZ4HeYN,MIND U,Indie
3yK1E102HvCIcKPvcvtSul,Utopi,Indie
2QwMi696g8ta10viltHDzF,Unchan,Indie
2i1YHJ5ulcVQJt6zNLeSkL,Uza,Indie
3iui2F01zrPbNx91td4LJZ,UNI.T,Ballad
6I5eyZiVUpuPwE8mTXp7hC,Royal 44,Hip-Hop
69H1Ooj2eBJXLTk3IEBV0v,REDDY,R&B
7luxe2wCwtDtkKSP8ZhPLn,Realslow,R&B
5na1LmEmK2VzNLje9snJYW,The Rose,Indie Rock
5LHu1iF8m0XtRBEJbbwSoo,WOOSUNG,Indie
0jUn8CXobOt0IixyR72una,Rothy,Ballad
7bb3cdFh1kkHdopjeJRgca,Roo'RA,Dance Pop
5deOsjuFTKrNMJW3rKuL8S,RESCENE,Indie
6znlp6eyARykI2zjw8HSxM,Rollercoaster,Indie
4YXNoMVTHRt01jYaKXTumJ,Raiden,EDM
10jo9gGaXEw8lAgB3gK0c1,Rohann,Hip-Hop
3NdOtTPPaXrCyC7Lpmzyhv,Tablo,Hip-Hop
1mORehSVEd7lcaT2d7Sl2K,SURAN,R&B
2RLCgVKRIUWY5Dz5azW6Tk,Rakon,Hip-Hop
0Mt9IxntWHsf793bLZhQ9P,ROCOBERRY,Indie
0fwfMuz3AmWRy2pyM5fDRo,RYEOWOOK,Ballad
20j1uz7iDOtIvIzCr5S8nx,SEUNGRI,Hip-Hop
1dWnMziLbosnKyEUDuzzoJ,Shyboiitobii,Hip-Hop
5DIi2JWfQPTKffaVBlIYRn,Sik-K,Hip-Hop
2c3IakpImjWyeXNvyyGsdn,SG Wannabe,Ballad
6F5tPDq3TIduDv2ki6O1Oq,Swings,Hip-Hop
01XYiBYaoMJcNhPokrg0l0,STAYC,Dance Pop
6naXFodImN2DwRmKCQHAUt,SOLE,Indie
2bWTIIQP9zaVc55RaMGu7e,Seori,Indie
3b4kLCI0ZJW47TFsNRqgCb,SOYOU,R&B
0ebNdVaOfp6N0oZ1guIxM8,SUGA,Hip-Hop
23LskvW8ErKu8v1teU7xFZ,sokodomo,Hip-Hop
02SENF0XVfxRTZrniEV2aF,Sin Ye Young,Ballad
72nLe76yBFSlP6VBzME358,SHAUN,R&B
0K4MGKGmjtdIE0W3GkGmyU,SUMIN,R&B
0seDu6vvqbUnPUk6s6a616,SINCE,Indie
6MoXcK2GyGg7FIyxPU5yW6,SUNMI,Dance Pop
19e5d7VkNQCFklPG8Iqdy5,SILKYBOIS,R&B
7owveHzN1hmQuw6Ojg4sI3,SURL,Indie Rock
4U80LJd8sG6U9YTFP5izka,Suzy,Ballad
18VQ59noY7aOj59UNMozHp,Sondia,Ballad
2wTLheTmMcFCA4hdY8hZJP,SISTAR,Dance Pop
6dHoQP2ONf0e9DMH94Obo7,Supreme Team,Hip-Hop
04cr7qH71klBu2x9H7c0Iw,Sanullim,Rock
7CedIKpt1GTubqlwD149d6,The Stray,Indie Rock
2pvCf5g7XBReiPIvcq7W18,SAAY,Hip-Hop
4xgRWQOK2y3pGRFtmWNjyw,Shin Seung Hun,Ballad
61HUG80Xma4rnXsqfZkzeM,S.E.S.,Ballad
4saSwzwWZffYhoS1aFgncp,Sweden Laundry,Indie
0YE7929Kw8hXmap9LKxUiC,Swervy,R&B
4Ly0KABsxlx4fNj63zJTrF,Seafret,Indie
5hb1plh7RDdl57ztwwzAzm,Sumsher,Indie
5BHFSMEjfLVx1JwRWjAOsE,SuperM,Dance Pop
4I13kBfOo5vI4LT8oNE0Fy,Sagong,R&B
4ErSSLqJ6lBxlgzBrkjubZ,Sogaksogak,Hip-Hop
5zkf2Na8DKKJmtWX5Xrx3m,SUHO,Ballad
22aCD8IrQZjcPgZw728QT6,YUQI,Ballad
6VxCmtR7S3yz4vnzsJqhSV,Sheppard,Indie
4GgBKgxhc649frZDHcXIEz,TWS,R&B
6S4fsREHT1NEjTb3lYD2pG,THORNAPPLE,Indie Rock
5Z71xE9prhpHrqL5thVMyK,tripleS,Dance Pop
3KonOYiLsU53m4yT7gNotP,TREASURE,Dance Pop
5HenzRvMtSrgtvU16XAoby,Zion.T,R&B
4CYjITN8Au3K5CWFeex7fU,Tabber,Indie
4g7R2X5sUsylJwYxnfwCJR,Tophyun,Hip-Hop
6SKusTjOAPsTZ6kareKQdm,TAEYONG,Ballad
2jLHrOkh1M5rLJgnrgfQf1,The Volunteers,Indie Rock
1MMbv4LTpwbh2APtXuwaZN,ZENE THE ZILLA,Hip-Hop
1z0Hi3myYw4x32xCq0H3aq,TAEIL,Ballad
0pnTDtr7r9ThLMVrEZ6byK,Tei,Ballad
7hKH0uNhhgWJCumCtKMYey,twlv,R&B
52Gsa9Zypqztm2DeNkQfCm,Seo Taiji and Boys,Rock
7sS12h1hMwOqXiB5vYdlu8,TOY,Indie Rock
3offPqpKAKmpQkIdWnjzkc,TEEN TOP,Dance Pop
0ztjVBmFk6OuHq6XBBwMI9,Trouble Maker,Hip-Hop
1dOMFM5wDNsENQQW0nl0K8,Urban Zakapa,Ballad
2k3wogLJyPnkEpb2pn3GLk,Un,Indie
0Qr4St9aCOLu41Nt5QZIz1,Ugly Duck,Hip-Hop
7xGZWuU7JrDQmJ00L9UzhB,Uhm Jung Hwa,R&B
2HDRkPTO5A59sFcC2ROGbw,Untouchable,Hip-Hop
3A1b2Lg9tPuQyR7ab1xgp8,untell,Indie
1gjzJCtXM9MERO7IyUNLUN,UP,R&B
4zmCovcjfUoYP3VilaMGxb,Yoo Jae Seok,Ballad
48xyu8QHo1IhsQZGlgNGYZ,UNIS,Indie
3FYwrGRWL93eQGcUoVkDO1,Woong San,Ballad
2GB76Lm833jVI5kLvKEB7Z,UKISS,Dance Pop
4ULMN5yWXAK57P2mlJkJJI,U-Rim,Indie
15UyjlO0ZuDaSjXUGytDbI,U Sung Eun,Ballad
7wjamanZYmiJrwTF9ey7cX,uncoolclub,Indie
2k9HHCIZFoVeZcImqhy0cL,Uptown,Hip-Hop
3QGKsAfhZdldQCLuLjk6zl,Us The Duo,Indie
4lqxrwkJ16gYkKNumLA3SL,U-KNOW,Ballad
62o031Yt7PZ81GQSyTg6jV,유성은,Ballad
5DuzBeOgFwViFcv00Q5PFb,WINNER,Dance Pop
6g2HsIivvQ7UGirVhksd92,uju,Indie
6w3YHlIFm3SL3IKtlsMoQO,UNIVERSE TICKET,Indie
7mgY992t7YTx6UELsoIMRa,WOOAH,Dance Pop
0Jg9wm9FOhjtWR3mheuMPF,Unikid(유니키드),Dance Pop
4qV3XiR4FiExupNDZ4HeYN,MIND U,Indie
3yK1E102HvCIcKPvcvtSul,Utopi,Indie
2QwMi696g8ta10viltHDzF,Unchan,Indie
2i1YHJ5ulcVQJt6zNLeSkL,Uza,Indie
3iui2F01zrPbNx91td4LJZ,UNI.T,Ballad
2LjaeuGS0ubYXZfNihGp9y,UP10TION,Dance Pop
2cDYHHOKJx1OQGxpYpYNdy,UMC/UW,Hip-Hop
0pf1lcBxh6HiiHQAIzhTI5,Newton Faulkner,Indie
2x8nGCQ6zMQYA8oAX6Ggk2,V.O.S,Ballad
7Lq3yAtwi0Z7zpxEwbQQNZ,VIVIZ,Dance Pop
5M6uaTVVZuyAkdr60oWKrJ,viceversa,R&B
68ym0sOo7MazZxScbm1wtI,VIBE,R&B
57xPD2CfuwxN6Ld7rf2iLG,Vanilla Acoustic,Indie
0Xemods2DGcYQi3sqxtHBO,SBGB,Rock
02qhg3Mpj6dip9YKhgNdCP,vusglacks,Hip-Hop
42xj5mBLvrFdW6tYns6mxs,RAVI,Hip-Hop
53Yqe3arWNbYQCw4kk1Qmv,Bernard Park,R&B
1fWUcRSok57yRm8gPKj1Fc,VERIVERY,Dance Pop
0ziR2zN0NFcB4x1G3P8cW3,VICTON,Dance Pop
3k6TH9knHgthYJiEVDUC2s,VCHA,Indie
10xsuRNvidaOLxWd3fRIel,Dalshabet,Dance Pop
72RrIlkfpO0LWZ7IC9XFxV,VILLAIN,Rock
05pkCt3DQY5ZC41u7WMk5D,VANNER,Dance Pop
4dmLLMVwXZhYS75M20eAtb,SE O,Indie Rock
2zWjCnsFalXdhQ2jxb29Hw,THE VANE,Indie Rock
7yRs5f61v5AwXwVlUQ7bNE,Viann,R&B
794R309puSDyVKoeVWuK8K,달빛마을 Moonlight Village,Indie
0NBHZ2ja7ejAMkL77afYGI,WELOVE,Dance Pop
37ZY7eIcTT28id2jfq8WYw,Woody,R&B
5eBvKkLCbBNcsSxzrgahHZ,WAX,Ballad
34Rvkybm4940BOKwJqnhyH,우정하,Indie
6AtePm872YnH0PPQZpNFry,WISUE,Indie
4fwMfZcOMGXSgZvw5F28UL,Woo Ye Rin,Ballad
6pC3vnUgNVITdYMMXefi6D,WONHO,R&B
59sBwR0jPSTrbMtuTkRPN5,Wild Rivers,Indie
5UT1mOF7JAjcc7e3wen8vw,We Are The Night,EDM
3Ut5D9lZhPzIdAnInEltxw,Western Kite,Indie Rock
73B9bjqS2Z5KLXNGqXf64m,Weeekly,Dance Pop
7C0lSOS41UnTbnF7bMSEWN,WOOGIE,EDM
6DetogFDfNsSYy4u5OYz7o,Wilcox,Indie Rock
61koAYSVB5KfZMYFeqTG5c,WAYHOME,Indie
5LWkv2hDbDwZL3zNwZYNPx,Weki Meki,Dance Pop
3q4h0WRGyR0Qcx88vwyzkd,The Wind,Indie
4MSCkKz4xskCrvx49wOneF,WH3N,Indie
5pBMUwsALQyFKrbV2nAaKD,WSG WANNABE(4FIRE),Hip-Hop
6X4GGufs8OhbUC1fy1xuUn,Wutan,Hip-Hop
0B2LPLMSHN2GkVELqTrsba,WEBSTER B,Hip-Hop
7Lhw1kKfHHKBfcvMSD3DLl,YLN Foreign,R&B
43eqZkYFcu6i1h1coagGFa,동요 가람뮤직,Children's Songs
0raZp61hFiFlRDWtEqX1HK,Who R U?,Rock
7IkfFdVcI6HrRKuOO9NvX5,WEi,Dance Pop
0jcaMhfyinUx3Pj8w4nmWZ,WILD,Rock
4gQewA50oTupuaVOVhFExE,WABLE,R&B
5ZSPRYslMYdwfwkKNcmBJf,Yu Seung Woo,Indie
1xLMexpeeTKQ20SwGMaGSK,Wild Child,Indie
7p552gLGzaDKXB5sETgTEP,DJ Wegun,Hip-Hop
5t0Js3X9t4wpgXGlaiTFe6,XIUMIN,Hip-Hop
0vcbn6MqAvgM8Gh6wh8d6X,Xydo,Hip-Hop
6QHP8St0MzfNDqjKpwtMht,xikers,Dance Pop
1Yhs3H3tkZhk4mSQgzECWb,XODIAC,R&B
6C4irZ60X8G7UimMRQiCcg,X1,Dance Pop
4kuTWggHz7FWxKVh3hdqA5,Xin Seha,Indie
2nr8bylnNeelcA9SJvwmuu,X:IN,Dance Pop
4QBJwJifrPCjguBiXyshp1,Kim Ximya X D. Sanders,Hip-Hop
3AFqxSVdKDJD9qPx3K8tKg,SHOWNU X HYUNGWON (MONSTA X),Dance Pop
4vYWMxCZYe3kua8Yp5Ne2Z,Xitsuh,Hip-Hop
61qs4x1f4a7FfV3Yqr7LW0,24 Flakko,Hip-Hop
1Horz2kjvySanhtv2nDgYX,Xeuda,Hip-Hop
4rpOWirhzqN7NPgRX76l1k,JOOHONEY,Hip-Hop
4cMtnnGdRvh8KIi2RA7ZeU,2xxx,Indie
6N6p7pQeB9kjLhvvS3L5j1,XEED,Indie Rock
1rpgxJZxZMLnFNc1Jmyov5,YB,Rock
2Mo2yHjmrDRZW7yRuJwR2w,YEONJUN,Ballad
6AkddQqEu75QRbsCo12zce,Yves,Indie
5q9adPv91NFr8q2ZcKmX0V,youra,Indie
0su5mZ6qhvOUhz7ckEx8rR,YUMDDA,Hip-Hop
7zdCvtTQdMCj37CuQxkyQf,Yebit,R&B
6sxtN9maIhNAu663hY5g6B,Yoon Sang,Ballad
13PsdrWmNx5EcibArzkbcO,Yountoven,Hip-Hop
1fwMtpwCEJovQuyxSuHcAd,YANG YO SEOP,Ballad
2lZFlNiQMLa2fuX3pkXcan,YOUHA,Indie
3UV49ih8eDI8jZ4SdSVeqi,YDG,Hip-Hop
390z2RITWBFLpD6HTC5UV2,Yoon Hyun Sang,Ballad
09fZOcPYim8MvvQieKkv5t,YUNSEOKCHEOL TRIO,Jazz
4sLwF7pgFQDyXwiahxUWEl,Yang Soo Kyung,Ballad
4ur1jCwyNlhgd0viJkOtcQ,YooA,Dance Pop
64mQUXcqmQCyywZEc7BtS9,Steve Yoo,Ballad
2Qrs21XiQMxkddRognIjGC,Yoo Jae-Ha,Ballad
4RfI1z9u2xIc5Qnqac4JbO,YUKIKA,R&B
2Z7teNgQJnz6qUp8FmhEtG,YUNB,R&B
1Wp1QiJslBV2qX7aAV7pXN,YOONWON,Indie
1vS1ZN2wrTyVdWHDgoZLVE,Yuzion,R&B
6IbJD9PQK5n7etiYsu0fi7,YTC,Hip-Hop
6a8KtGpAv3NHL713mcH08a,yankie,R&B
0BD74hBusWzcPz44wFskYb,Yang Hee Eun,Ballad
74lyHu0f9jhFumU0aEu5mi,You Hee Yeol,Ballad
2Y6RMrspOMXAYSD4U57qS7,Yozoh,Indie
4xzwjGxzfKglU0cNW4q4l1,YERI,Ballad
5qUAtC3NwSLYme4JqjlGfQ,YOUNGJAE,R&B
2QBjNinkTc5i8PLOYYlHsl,Yeol Eum Son,Classical
3EG9WDmGqDg4Q4hstNjYfA,염평안,Ballad
3imERswwRSNhQysvUbg79I,Yoon Gong Joo,Indie
4ps3JPHTs3XJSSmzRqCvKJ,Yes Junior,Indie
4l4eMvpA4K7X02j08cbkNV,YOUNITE,Dance Pop
7mFGOWJEkdlJBCXcJ5EWi9,YOOK SUNGJAE,Ballad
6xPx7ZAh3o3PMkpk8VDeGj,Yoo Yeon Seok,Indie
4ekyRk7LiVxyzIlpRkHVqU,Yeong Rok Jeon,Ballad
2H33No6rbjBG2G5bQYcQJo,Yeoro,Indie
0gL7BEXkWaQQm6y8r9Feug,Yeoeun,Ballad
4oeD1QNqmKbREjPFgVfI6y,YOOSANSEUL,R&B
5rpYfskWC90uJl9CMx3iEm,Yami Tommy,Hip-Hop
7EEMqopeUUc3xwmxxtuROo,유익종,Ballad
4IHSCHg3UPSy0rBSHi3c5s,Silly Silky,R&B
6DDZIESf3ow6lIYs3uaO8G,Young West,Hip-Hop
6LCX99hubn8CejiUtMCyyk,YOONA,Ballad
4yGUcSArZzYaVzGnCwKhQN,Ye Ram,Indie
5wkkqpuCF4BTuTJ3TKQl1n,You Chae Hoon,Ballad
2bLAgTUhO43UF0DhE7Rrm4,YEGNY,Indie
32aFdXARUiqP81SXqIPD4w,Yael Naim,Indie
3JUj7c2h5xkdOf0GJ07VWE,Yubin,Dance Pop
1VSepPOw3REo0L6LFeii0Q,Yan Ting,R&B
0wjTtJZJrYSfvxoRvLN1Q0,Young Oh,Indie
2Ys5iEZe2ZduwV295sGOUa,양현경,Ballad
7cjg7EkeZy3OI5o9Qthc6n,ZEROBASEONE,Dance Pop
2vAxwTAH2OaInCfMxriCqk,Zia,Ballad
7iRoIMoHaSyQBKMJT9RDrP,zzzaam,Hip-Hop
3of4z5k152Et4C0IQ7HUAg,Zitten,Indie Rock
6tuPdaFPIytg3l2f51L7Hw,Ziggy Alberts,Indie
6lGfLCig2b5mvDTtsPSrb0,ZE:A,Dance Pop
5ZOPfXGBx6abXxg8ASoqSg,Zamgolbers,Indie
6ujr1NkqbZpYOhquczUUfl,The Strumbellas,Indie
4q2IjH8TVz7CNSzIiPDV6B,Son Simba,Hip-Hop
19Vc3zeXWnOUUsAYiXgjCX,ZHANG HAO,R&B
4hYxfPWn0RnlwJS2faYvjB,Zoorumpug,Indie Rock
3a3LDEkR20md8TlZk0zTrL,짱군 Zzanggoon,Hip-Hop
1nxCRfWuzM4GSCVfrqtlxz,0WAVE,Indie Rock
0QgGDs81tZf0yqUELyxpAk,0CD,Indie Rock
2mSxTWd6eT8FMIuizu4Fog,g0nny(거니),Hip-Hop
3fkFO5lmipe654caBLBD6n,100%,Dance Pop
5L7N8Gswa6XUVHLPJ2M7a0,TEAM 24:00,Dance Pop
1M2Yug6EvJTlraF6ewM9Oh,109,Indie
0P8IEJrM7oUTK4WwdMKsvS,1TYM,Hip-Hop
00R8ml7PSORcOeSOyN2ivQ,1sagain,R&B
1AAJLswvl7anW1RhTTFzxN,15&,R&B
5Q0U6ogBrMX2oxmxy5OTzU,SISTAR19,Dance Pop
1DfcjpwzBsJo2cpPwKrhg0,1분노래,Ballad
4sDjXysEc1EfdvvK0yo3uK,열일곱이다,Indie
69BU1e5k9bwV11jZxA9gWa,Crayon,Dance Pop
1RIh3aczBZD0MaLuhh5dMm,GOT U,Dance Pop
2JDfkwLPoHoH1EKw6Og6uH,M1NU,Hip-Hop
6ZZafCTzyk1yjqEES63cMm,1THE9,Dance Pop
3u9xBa2fe8b9jPf5JYFRH3,1TEAM,Indie
4u9YxYzCjpMjnMcwNu9fzy,LOOΠΔ 1/3,Indie
4Eyqj9gm4OX7A6IltsD5W7,1%,Hip-Hop
29zswoxQXZGo4eJbGV5bBr,1CHU,Dance Pop
6dTCGU3ZXmHV6roc3mP7Q5,EUN JIWON,Ballad
0IZY8rhx9WD2TrN8hND3ji,18크럭,Hip-Hop
2tLQLO1aqUX2c45auUfxGo,NOAH1LUV,R&B
2a3wtqb5oDZFegk1xPJu7K,H1GHR MUSIC,Hip-Hop
0ePKWgwmESq5970Hq1c3yE,250,EDM
3eAafmKFLEYAq6y9ZrWXtS,2danji,Hip-Hop
0ow4yj7rgcQbH8fGkHZyLP,2nd Moon,Indie
2m4JjhDHG2PfW7WIaZW9ax,2BIC,Ballad
01n1Lj2lmdteXD8qFPqhsL,2NB,R&B
2AMTVJeuaSJHOatQS448YY,2LSON,Indie
0BDMR6H7cA6Px5UhrVROKr,27RING,Indie
0whM0PalKF2w1SZlV4gGMR,257,Dance Pop
0E1N3MiaUXH2wmZnyLgKFw,2nd Zamgolbers,Indie
0TZwYeCBGsOjdJXyFLNuaa,2Yoon,Indie
5r6waWb7zJbYnwwdy08EPO,24K+,Dance Pop
4pdMtDzWCUoc08AhVOwWNU,Sean2Slow,Hip-Hop
1pXX6uuufA0Zrk4Ksuh4nv,Jus2,Dance Pop
16ODiemwC9iXaQQ7AQBVnt,from20,R&B
46e3baMTsmabXSJD2LjVeo,D2ear,Indie
4w6MZBLb4aIZpffyA52Doq,ASC2NT,Indie
4LJbolSjae2xrHVYL5WrAl,2EYES,Indie
3kPDtzrCxV5Yhw0uKAF6HI,3rd Line Butterfly,Indie Rock
65LSFEqRhq074aUBF1zF2e,365LIT,Hip-Hop
6rws5h4MmnMAHFDnNwrVXe,316,Indie
65SWpUO42tdFbEhdfj1ryf,3YE,Dance Pop
0ApgwMAgZB6Q2MAn778wPs,로다운 30(Lowdown 30),Indie Rock
7aH1fpTqcBYMDOzDtoC9wt,3piece,Indie
7zEgrLJs3lV55OxVOm1nVw,Lowdown 30,Indie Rock
2fNvNDwBWdEMvyD5ik1njd,3WAY Project,Indie
7ENWxUjyJ2dMkhA6M0JXH3,Room306,Indie
0XXy0YzgbA0CW9zDM8yxpD,40,Rock
7oFIkpNpLrTBgZW6w55W1J,4MEN,R&B
1gHzFOHKBOOz6HAdLX8QeM,4BOUT,Hip-Hop
6cg6vjoGLVykkubJKlM3mL,45RPM,Rock
29txRD4cY4geQXKUZvmseW,BTOB 4U,Dance Pop
0bRGcETPvRzY45wcn4w92w,4월과 5월,Ballad
66u2mp8mtMEOUH2TWWr98O,44MAGNUMB,Rock
4PilHeDnibFtu1ol9VJaYO,45smoke,Indie Rock
5eXE9X8DTpWsL5mbkz7mAn,k4ton,R&B
3fXOlqV4AdU7A1VCDrXeoY,SC4F,Hip-Hop
3GAp8PrsfvuY7QnAzHWcyW,49 Morphines,Rock
6XTJcgSOtX7zGavi7EOazp,4TEN,Dance Pop
0hcNEkXJ9p0fVTsuFeNbZd,HD BL4CK,Hip-Hop
3AzBJBdAEnoVg4V9hSocKX,J4 Prada,Hip-Hop
4zLM2qGVz8TX11ycCgwxk8,정오월,Ballad
6MJCgDOw7EfTJJtKPHXAcD,5tion,Indie
1CSPhzpCGUKYHQ2ZlPwXwa,5sckar,R&B
6w78npIzzOfQav862kCbTr,5월,Ballad
0hyILaPy503WJuRm1lqOzo,U-mb5,R&B
4Pb9zwF1L0OpGr1RrY4TiN,L5ST,Hip-Hop
1R2KUW45CEHkpv8fAgPADp,615,Dance Pop
457wOSyKP4znEKFugPRHvn,6분낮잠,Hip-Hop
4y0wFJ5jmCUNRLZfsw1I7g,AB6IX,Dance Pop
0kS1oLtVdBidgH2aKloRKR,PARK WOO JIN,Ballad
5KOTrsUUc0VUVH3mR5StNC,SIXC (6 crazy),Hip-Hop
4IcYAYGe957pqbPrFeRlzS,67th미스코리아,Ballad
1LVOxgnKHc1CWaiNoMuQ8s,6膠,Hip-Hop
3CFWk44Cm1Y8BBF4a02pgs,7080 뮤직 패밀리,Rock
2MZjibdzWA4zxAF8Y2fSyf,7 go up,Dance Pop
14yLuCwlBqteUdBqx9soJV,SE7EN,R&B
5iWZ90UuKiJXdu1xpMAKwb,7080음악여행,Rock
17dg2Sw5fXWUSXPmmmxmDb,7anhee,Ballad
76P1bgqm0Ign9ZDfSjBSbc,THE7,Dance Pop
1ztb4Su5DKTyzFUHOIAKz5,ADG7,Hip-Hop
7xuXBG13gHSpdAoXNWQ8Se,HORI7ON,Indie Rock
27xea8r2bsY7UlsbaRiwMQ,EL7Z UP,EDM
7pSntCMsYGgRySKae4DfYc,75A,Dance Pop
1wDstpO8XQNU6GV0S92663,82MAJOR,R&B
3ghcDN2cqqULscHWFYrAcU,82flame (대한의 불꽃),Hip-Hop
7tCg9aiVKZ5Cmhbfb7UoqM,8TURN,Dance Pop
4bGcpMioOtQd189BpKwzd0,8호실 peridot,Indie
5LkLwB6VSZLQiFkJa9SPOn,LUN8,Indie
1Ow4GXmX1L4sdENO3fHO3s,윤규 (8TURN),Dance Pop
39o4jSOETpVL5NFUGqW9d0,팔드로 8Dro,Hip-Hop
3GtxaQXCwJZaoV9lmKofs0,9 and the Numbers,Indie Rock
0Zoe6ljAJo85rggnN6OaOF,92914,Hip-Hop
0th6fLI9VttKJ9gIjoNPAM,Slim 9lock,Hip-Hop
5S49V9loYR0Glq8uJM91bs,BTOB(비투비),Ballad
1eJGTmb81YxxbykvAezg2r,90yonge St.,R&B
6CC0Rj30WieBrLs5fmlSrK,Lil 9ap,R&B
3lrh60OfdaOmmHPQ15wHx8,CHA NI (SF9),Dance Pop
3siveQoW1W5fOv7jokJvCc,9reat!,EDM
6VJXRJvRRyLv99RZbXJ8RO,JBJ,Dance Pop
7f953Uuid7Xrd0nXQ3V3s1,GHOST9,Dance Pop
7G6wtLzZON7qJQ2Cw2kxVp,JBJ95,Dance Pop
6LnZa5lkEmeCDwr7Te4H1E,Gene Pokorny,Jazz
0du5cEVh5yTK9QJze8zA0C,Bruno Mars,R&B
06HL4z0CvFAxyc27GXpf02,Taylor Swift,Dance Pop
2DaxqgrOhkeH0fpeiQq2f4,Oasis,Indie Rock
3fMbdgg4jU18AjLCKBhRSm,Michael Jackson,Dance Pop
6qqNVTkY8uBg9cP3Jd7DAH,Billie Eilish,Indie
7bXgB6jMjp9ATFy66eO08Z,Chris Brown,R&B
2gsggkzM5R49q6jpPvazou,Jessie J,R&B
1l7ZsJRRS8wlW3WfJfPfNS,Christina Aguilera,R&B
7guDJrEfX3qb6FEbdPA5qi,Stevie Wonder,R&B
66CXWjxzNUsdJxJ2JdwvnR,Ariana Grande,Dance Pop
7tYKF4w9nC0nq9CsPZTHyP,SZA,R&B
1Xyo4u8uXC1ZmMpatF05PJ,The Weeknd,R&B
0k2zyzGq6HX383VlMBOvRG,PLAVE,Indie
1uNFoZAHBGtllmzznpCI3s,Justin Bieber,Dance Pop
3TVXtAsR1Inumwj472S9r4,Drake,Hip-Hop
74KM79TiuVKeVCqs8QtB0B,Sabrina Carpenter,Dance Pop
1HY2Jd0NmPuamShAr6KMms,Lady Gaga,Dance Pop
246dkjvS1zLTtiykXe5h60,Post Malone,Hip-Hop
6eUKZXaKkcviH0Ku9w2n3V,Ed Sheeran,Ballad
4gzpq5DPGxSnKTe4SA8HAU,Coldplay,Indie Rock
6VuMaDnrHyPL1p4EHjYLi7,Charlie Puth,Dance Pop
2LIk90788K0zvyj2JJVwkJ,Jack Harlow,Hip-Hop
1GxkXlMwML1oSg5eLPiAz3,Michael Bublé,Jazz
1snhtMLeb2DYoMOcVbb8iB,Kenshi Yonezu,J-Pop
5WUlDfRSoLAfcVSX1WnrxN,Sia,Dance Pop
,ヨルシカ (Yorushika),J-Pop
4iHNK0tOyZPYnBU7nGAgpQ,Mariah Carey,R&B
00FQb4jTyendYWaN8pK0wa,Lana Del Rey,Indie
53XhwfbYqKCa1cC15pYq2q,Imagine Dragons,Rock
5069JTmv5ZDyPeZaCCXiCg,wave to earth,Indie
1mcTU81TzQhprhouKaTkpq,Rauw Alejandro,R&B
6M2wZ9GZgrQXHCFfjv46we,Dua Lipa,Dance Pop
04gDigrS5kc9YWfZHwBETP,Maroon 5,Dance Pop
5pKCCKE2ajJHZ9KAiaK11H,Rihanna,R&B
64tJ2EAv1R6UaZqc4iOCyj,YOASOBI,J-Pop
5JZ7CnR6gTvEMKX4g70Amv,Lauv,Indie
5Vo1hnCRmCM6M4thZCInCj,OFFICIAL HIGE DANDISM,J-Pop
2IUl3m1H1EQ7QfNbNWvgru,Vaundy,J-Pop
1Cs0zKBU1kc0i8ypK3B9ai,David Guetta,EDM
5y8tKLUfMvliMe8IKamR32,d4vd,Indie
4AK6F7OLvEQ5QYCBNiQWHq,One Direction,Dance Pop
4QvgGvpgzgyUOo8Yp8LDm9,Mrs. GREEN APPLE,J-Pop
5cj0lLjcoR7YOSnhnX0Po5,Doja Cat,Hip-Hop
25uiPmTg16RbhZWAqwLBy5,Charli xcx,Dance Pop
3BmGtnKgCSGYIUhmivXKWX,Kelly Clarkson,Ballad
7c0XG5cIJTrrAgEC3ULPiq,Ty Dolla $ign,R&B
1McMsnEElThX1knmY4oliG,Olivia Rodrigo,Ballad
1QAJqy2dA3ihHBFIHRphZj,Cigarettes After Sex,Indie
55Aa2cqylxrFIXC767Z865,Lil Wayne,Hip-Hop
7n2wHs1TKAczGzO7Dd2rGr,Shawn Mendes,Dance Pop
5Pwc4xIPtQLFEnJriah9YJ,OneRepublic,Dance Pop
22wbnEMDvgVIAGdFeek6ET,Benson Boone,Indie
6bDWAcdtVR3WHz2xtiIPUi,Fujii Kaze,J-Pop
7GlBOeep6PqTfFi59PTUUN,Chappell Roan,Indie
38WbKH6oKAZskBhqDFA8Uj,ZUTOMAYO,J-Pop
1EowJ1WwkMzkCkRomFhui7,RADWIMPS,J-Pop
0hCNtLu0JehylgoiP8L4Gh,Nicki Minaj,Hip-Hop
4dpARuHxo51G3z768sgnrY,Adele,Ballad
6KImCVD70vtIoJWnq6nGn3,Harry Styles,Ballad
1U1el3k54VvEUzo3ybLPlM,Kali Uchis,R&B
2wY79sveU1sp5g7SokKOiI,Sam Smith,Ballad
0ixzjrK1wkN2zWBXt3VW3W,Yuuri,J-Pop
6LuN9FCkKOj5PcnpouEgny,Khalid,R&B
6mEQK9m2krja6X1cfsAjfl,Ado,J-Pop
2pRZp2WxvnWWiSPcSSYkNV,george,Indie
6wxfx1yhyqjCPYwwxJktR2,King Gnu,Indie Rock
6jJ0s89eD6GaHleKKya26X,Katy Perry,Dance Pop
7bp2lSdh12wcA8LyB1srfJ,Sofia Carson,Dance Pop
181bsRPaVXVlUKXrxwZfHK,Megan Thee Stallion,Hip-Hop
7CajNmpbOovFoOoasH2HaY,Calvin Harris,EDM
6vWDO969PvNqNYHIOW5v0m,Beyoncé,R&B
69GGBxA162lTqCwzJG5jLp,The Chainsmokers,EDM
45dkTj5sMRSjrmBSBeiHym,Tate McRae,Dance Pop
5lpH0xAS4fVfLkACg9DAuM,Wham!,Dance Pop
64KEffDW9EtZ1y2vBYgq8T,Marshmello,EDM
26VFTg2z8YR0cCuwLzESi2,Halsey,Dance Pop
7hJcb9fa4alzcOq3EaNPoG,Snoop Dogg,Hip-Hop
4npEfmQ6YuiwW1GpUmaq3F,Ava Max,Dance Pop
0C8ZW7ezQVs4URX5aX7Kqx,Selena Gomez,Dance Pop
0EmeFodog0BfCgMzAIvKQp,Shakira,Dance Pop
49tQo2QULno7gxHutgccqF,LANY,Indie
77SW9BnxLY8rJ0RciFqkHh,The Neighbourhood,Indie Rock
2FXC3k01G6Gw61bmprjgqS,Hozier,Indie Rock
6JL8zeS1NmiOftqZTRgdTz,Meghan Trainor,Dance Pop
26dSoYclwsYLMAKD3tpOr4,Britney Spears,Dance Pop
3nFkdlSjzX9mRTtwJOzDYB,JAY-Z,Hip-Hop
3WGpXCj9YhhfX11TToZcXP,Troye Sivan,Dance Pop
5kVZa4lFUmAQlBogl1fkd6,Aimyon,J-Pop
35l9BRT7MXmM8bv2WDQiyB,beabadoobee,Indie
26AHtbjWKiwYzsoGoUZq53,Pentatonix,Rock
164Uj4eKjl6zTBKfJLFKKK,JVKE,Dance Pop
46UMQ0cW8ToR8egkBRwAxZ,Cynthia Erivo,Ballad
4nDoRrQiYLoBzwC5BhVJzF,Camila Cabello,Dance Pop
0TnOYISbd1XYRBk9myaseg,Pitbull,Hip-Hop
3YQKmKGau1PzlVlkL1iodx,Twenty One Pilots,Indie
1vCWHaC5f2uS3yhpwWbIA6,Avicii,EDM
0pWR7TsFhvSCnbmHDjWgrE,Creepy Nuts,Hip-Hop
137W8MRPWKqSmrBGDBFSop,Wiz Khalifa,Hip-Hop
5YGY8feqx7naU7z4HrwZM6,Miley Cyrus,Dance Pop
6rs1KAoQnFalSqSU4LTh8g,back number,Indie Rock
3c0gDdb9lhnHGFtP4prQpn,KATSEYE,Hip-Hop
4Uc8Dsxct0oMqx0P6i60ea,Conan Gray,Indie
2RQXRUsr4IW1f3mKyKsy4B,Noah Kahan,Indie
6WmXWHmfBMhupyIs8MSqtu,natori,Indie
0frNU3rG4ltOP4GNBA1g4j,MAKTUB,R&B
23zg3TcAtWQy7J6upgbUnj,USHER,R&B
3MZsBdqDrRTJihTHQrO6Dq,Joji,Indie
5y2Xq6xcjJb2jVM54GHK3t,John Legend,Ballad
3q7HBObVc0L8jNeTe5Gofh,50 Cent,Hip-Hop
540vIaP2JwjQb9dm3aArA4,DJ Snake,EDM
7gRg6C2qgQ1F01k3sgyEVt,SPYAIR,J-Pop
3l0CmX0FuQjFxr8SK7Vqag,Clairo,Indie
2jku7tDXc6XoB6MO2hFuqg,Tory Lanez,Hip-Hop
5CiGnKThu5ctn9pBxv7DGa,benny blanco,R&B
4UXqAaa6dQYAk18Lv7PEgX,Fall Out Boy,Rock
2RdwBSPQiwcmiDo9kixcl8,Pharrell Williams,R&B
1zNqDE7qDGCsyzJwohVaoX,Anne-Marie,Dance Pop
7gOdHgIoIKoe4i9Tta6qdD,Jonas Brothers,Dance Pop
21E3waRsmPlU7jZsS13rcj,Ne-Yo,R&B
2o5jDhtHVPhrJdv3cEQ99Z,Tiësto,EDM
31TPClRtHm23RisEBtV3X7,Justin Timberlake,R&B
6U3ybJ9UHNKEdsH7ktGBZ7,JID,Hip-Hop
23fqKkggKUBHNkbKtXEls4,Kygo,EDM
6LqNN22kT3074XbTVUrhzX,Kesha,Dance Pop
5LHRHt1k9lMyONurDHEdrp,Tyga,Hip-Hop
4IWBUUAFIplrNtaOHcJPRM,James Arthur,Ballad
0z4gvV4rjIZ9wHck67ucSV,Akon,Hip-Hop
0lAWpj5szCSwM4rUMHYmrr,Måneskin,Rock
7FBcuc1gsnv6Y1nwFtNRCb,My Chemical Romance,Rock
35WVTyRnKAoaGExqgktVyb,Hotel Ugly,Indie
70NcAr4ZtA3FAqU16iQZSb,Dhruv,Indie
3mIj9lX2MWuHmhNCA7LSCW,The 1975,Indie Rock
64M6ah0SkkRsnPGtGiRAbb,Bebe Rexha,Dance Pop
4kYSro6naA4h99UJvo89HB,Cardi B,Hip-Hop
6USv9qhCn6zfxlBQIYJ9qs,Dominic Fike,Indie
3tVQdUvClmAT7URs9V3rsp,Wizkid,R&B
4GNC7GD6oZMSxPGyXy4MNB,Lewis Capaldi,Ballad
0QHgL1lAIqAw0HtD7YldmP,DJ Khaled,Hip-Hop
2wUjUUtkb5lvLKcGKsKqsR,Alessia Cara,R&B
5Rl15oVamLq7FbSb0NNBNy,5 Seconds of Summer,Rock
738wLrAtLtCtFOLvQBXOXp,Major Lazer,EDM
5j4HeCoUlzhfWtjAfM1acR,Stromae,EDM
3hcs9uc56yIGFCSy9leWe7,Lil Durk,Hip-Hop
4DdkRBBYG6Yk9Ka8tdJ9BW,Offset,Hip-Hop
4r63FhuTkUYltbVAg5TQnk,DaBaby,Hip-Hop
4kpQdAU7yPjqtiJsFcBTBb,Rokudenashi,Hip-Hop
0X2BH1fck6amBIoJhDVmmJ,Ellie Goulding,Indie
56zJ6PZ3mNPBiBqglW2KxL,Peder Elias,Indie
0LcJLqbBmaGUft1e9Mm8HV,ABBA,Dance Pop
3Isy6kedDrgPYoTS1dazA9,Sean Paul,Dance Pop
5zixe6AbgXPqt4c1uSl94L,Connor Price,Hip-Hop
7k73EtZwoPs516ZxE72KsO,ONE OK ROCK,Rock
4TaSvnT5o4REFwhqfrmK27,imase,Indie
6fOMl44jA4Sp5b9PpYCkzz,NF,Hip-Hop
0Vw76uk7P8yVtTClWyOhac,HONNE,R&B
2qxJFvFYMEDqd7ui6kSAcq,Zedd,EDM
4S9EykWXhStSc15wEx8QFK,Céline Dion,Ballad
3gIRvgZssIb9aiirIg0nI3,Jeremy Zucker,Indie
20JZFwl6HVl6yg8a4H3ZqK,Panic! At The Disco,Rock
2sSGPbdZJkaSE2AbcGOACx,The Marías,Indie
3DiDSECUqqY1AuBP8qtaIa,Alicia Keys,R&B
3IW7ScrzXmPvZhB27hmfgy,Jul,Hip-Hop
4yiQZ8tQPux8cPriYMWUFP,Gwen Stefani,Dance Pop
6MDME20pz9RveH9rEXvrOM,Clean Bandit,EDM
1l7ZsJRRS8wlW3WfJfPfNS,Christina Aguilera,Ballad
0p4nmQO2msCgU4IF37Wi3j,Avril Lavigne,Rock
7kOrrFIBIBc8uCu2zbxbLv,yama,Indie
6tbjWDEIzxoDsBA1FuhfPW,Madonna,Dance Pop
2jnIB6XdLvnJUeNTy5A0J2,Why Don't We,Dance Pop
2EqaSEa0WkE59Aca9iXSYj,『ユイカ』,J-Pop
1KCSPY1glIKqW2TotWuXOR,P!nk,Dance Pop
0jnsk9HBra6NMjO2oANoPY,Flo Rida,Hip-Hop
6e3pZKXUxrPfnUPJ960Hd9,Pomme,Indie
67FB4n52MgexGQIG8s0yUH,Lola Young,R&B
19k8AgwwTSxeaxkOuCQEJs,Jelly Roll,Rock
3ipn9JLAPI5GUEo4y4jcoi,Ludacris,Hip-Hop
1bqxdqvUtPWZri43cKHac8,MAX,R&B
5fMUXHkw8R8eOP2RNVYEZX,Diplo,EDM
1yxSLGMDHlW21z4YXirZDS,Black Eyed Peas,Hip-Hop
0cGUm45nv7Z6M6qdXYQGTX,Kehlani,R&B
6XpaIBNiVzIetEPCWDvAFP,Whitney Houston,R&B
07YZf4WDAMNwqr4jfgOZ8y,Jason Derulo,Dance Pop
5IH6FPUwQTxPSXurCrcIov,Alec Benjamin,Indie
5KKpBU5eC2tJDzf0wmlRp2,RAYE,R&B
78rUTD7y6Cy67W1RVzYs7t,PinkPantheress,Indie
0fA0VVWsXO9YnASrzqfmYu,Kid Cudi,Hip-Hop
5ZsFI1h6hIdQRw2ti0hz81,ZAYN,R&B
1Xylc3o4UrD53lo9CvFvVg,Zara Larsson,Dance Pop
716NhGYqD1jl2wI1Qkgq36,Bizarrap,Hip-Hop
6DARBhWbfcS9E4yJzcliqQ,Karan Aujla,Hip-Hop
2Kx7MNY7cI1ENniW7vT30N,Norah Jones,Indie
25u4wHJWxCA9vO0CzxAbK7,Lukas Graham,Rock
6S2OmqARrzebs0tKUEyXyp,Demi Lovato,Ballad
7CyeXFnOrfC1N6z4naIpgo,The Ronettes,Ballad
4SJ7qRgJYNXB9Yttzs4aSa,Ryokuoushoku Shakai,Indie Rock
1pBLC0qVRTB5zVMuteQ9jJ,Lily-Rose Depp,Indie
1r1uxoy19fzMxunt3ONAkG,Phoebe Bridgers,Indie Rock
3y2cIKLjiOlp1Np37WiUdH,Shaboozey,Hip-Hop
3IR6DvP0x2a6oUSist9UMu,elijah woods,Indie
7f5Zgnp2spUuuzKplmRkt7,Lost Frequencies,EDM
3wcj11K77LjEY1PkEazffa,Burna Boy,R&B
60d24wfXkVzDSfLS6hyCjZ,Martin Garrix,EDM
0c173mlxpT3dSFRgMO8XPh,Big Sean,Hip-Hop
3tMTXQyRrPmMyHv5SoC0TV,Juicy Luicy,Indie Rock
3aQeKQSyrW4qWr35idm0cy,T-Pain,Hip-Hop
,NSYNC,Dance Pop
02kJSzxNuaWGqwubyUba0Z,G-Eazy,Hip-Hop
3hv9jJF3adDNsBSIQDqcjp,Mark Ronson,Funk
1S2S00lgLYLGHWA44qGEUs,Gen Hoshino,J-Pop
0Y3agQaa6g2r0YmHPOO9rh,Davido,R&B
3bO19AOone0ubCsfDXDtYt,Myles Smith,Indie
74XFHRwlV6OrjEM0A2NCMF,Paramore,Rock
11p2E654TTU8e0nZWBR4AL,Mark Ambor,Indie
0bAsR2unSRpn6BQPEnNlZm,Aimer,J-Pop
7qmpXeNz2ojlMl2EEfkeLs,Nicky Youre,Indie
5IcR3N7QB1j6KBL8eImZ8m,ScHoolboy Q,Hip-Hop
3zDRCqOhJXJfS2YWOEwGMC,Christopher,Indie
2vVT4qoxWje0gVD2FiWZ4u,Jeff Bernat,R&B
6TIYQ3jFPwQSRmorSezPxX,mgk,Hip-Hop
0AqlFI0tz2DsEoJlKSIiT9,Emilia,Ballad
6oMuImdp5ZcFhWP0ESe6mG,Migos,Hip-Hop
0NGAZxHanS9e0iNHpR8f2W,Alok,EDM
5Y5TRrQiqgUO4S36tzjIRZ,Timbaland,Hip-Hop
7l9DszIMmxbcc24RJwqJY8,Jazzyfact,Hip-Hop
3AQRLZ9PuTAozP28Skbq8V,The Script,Rock
0js3wKXyi7RL11sfOykRt1,dj friz,Hip-Hop
687cZJR45JO7jhk1LHIbgq,Tems,R&B
0hDjKSKjl1DC7ovYTDJHe8,Bruno Major,Indie
5he5w2lnU9x7JFhnwcekXX,Skrillex,EDM
0jWCX6zp4RjWrmZRxJ2uri,Novelbright,Indie Rock
3t5xRXzsuZmMDkQzgOX35S,Robin Schulz,EDM
2elBjNSdBE2Y3f0j1mjrql,Jay Chou,C-Pop
6Te49r3A6f5BiIgBRxH7FH,Ninho,Hip-Hop
4yvcSjfu4PC0CYQyLy4wSq,Glass Animals,Indie
5xkAtLTf309LAGZTbvULBn,Ruel,Indie
5rSXSAkZ67PYJSvpUpkOr7,Backstreet Boys,Dance Pop
13y7CgLHjMVRMDqxdx0Xdo,Gucci Mane,Hip-Hop
2XjqKvB2Xz9IdyjWPIHaXi,Sheena Ringo,J-Pop
63yrD80RY3RNEM2YDpUpO8,Melanie Martinez,Indie
2gqOqOw4ubWLifktn8SVr7,HOZIHO,R&B
7pbDxGE6nQSZVfiFdq9lOL,Rex Orange County,Indie
0ONHkAv9pCAFxb0zJwDNTy,Pusha T,Hip-Hop
1WgXqy2Dd70QQOU7Ay074N,AURORA,Indie
6sFIWsNpZYqfjUpaCgueju,Carly Rae Jepsen,Dance Pop
2txHhyCwHjUEpJjWrEyqyX,Tom Odell,Rock
2feDdbD5araYcm6JhFHHw7,Labrinth,R&B
3FUY2gzHeIiaesXtOAdB7A,Train,Rock
5LfGQac0EIXyAN8aUwmNAQ,The Offspring,Rock
3JhNCzhSMTxs9WLGJJxWOY,Macklemore,Hip-Hop
2cFrymmkijnjDg9SS92EPM,blackbear,R&B
4LEiUm1SRbFMgfqnQTwUbQ,Bon Iver,Indie
7gJN8W0589FisSYJS17K54,Filipe Ret,Hip-Hop
6FBDaR13swtiWwGhX1WQsP,blink-182,Rock
3oDbviiivRWhXwIE8hxkVV,The Beach Boys,Rock
1anyVhU62p31KFi8MEzkbf,Chance the Rapper,Hip-Hop
33NVpKoXjItPwUJTMZIOiY,David Kushner,Indie
4phGZZrJZRo4ElhRtViYdl,Jason Mraz,Folk
163tK9Wjr9P9DmM0AVK7lm,Lorde,Indie
2XBiI8PjCnjJ3XKWtiKcvc,brb.,Indie
27LlKWxS3KXW7RRAxN5S8s,Geolier,Hip-Hop
2kRfqPViCqYdSGhYSM9R0Q,Madison Beer,R&B
1uiEZYehlNivdK3iQyAbye,Tom Misch,Indie
0SCbttzoZTnLFebDYmAWCm,Glee Cast,Musical
7HwzlRPa9Ad0I8rK0FPzzK,SEKAI NO OWARI,J-Pop
3uwAm6vQy7kWPS2bciKWx9,girl in red,Indie
0fTSzq9jAh4c36UVb4V7CB,Alex Warren,Indie
1vSN1fsvrzpbttOYGsliDr,Tori Kelly,R&B
2vAxwTAH2OaInCfMxriCqk,Zia,Indie
3QSQFmccmX81fWCUSPTS7y,Dean Lewis,Indie
4RVnAU35WRWra6OZ3CbbMA,Kylie Minogue,Dance Pop
5gqmbbfjcikQBzPB5Hv13I,Gazo,Hip-Hop
5p9HO3XC5P3BLxJs5Mtrhm,Djo,Indie
7okwEbXzyT2VffBmyQBWLz,Maná,Rock
00OF0nwYaoBSO3AnPVq3vE,Johnny Stimson,Indie
3KV3p5EY4AvKxOlhGHORLg,Jeremih,R&B
47zz7sob9NUcODy0BTDvKx,Sade,R&B
46pWGuE3dSwY3bMMXGBvVS,Rema,R&B
4gvjmrtzydbMpyJaXUtwvP,Addison Rae,Dance Pop
1HBjj22wzbscIZ9sEb5dyf,Jonas Blue,Dance Pop
7EQ0qTo7fWT7DPxmxtSYEc,Bastille,Indie Rock
10exVja0key0uqUkk6LJRT,Vance Joy,Indie
5pUo3fmmHT8bhCyHE52hA6,Liam Payne,Dance Pop
00x1fYSGhdqScXBRpSj3DW,Olivia Dean,Indie
7hr9W3IjXcm3UlLY7guLk5,Henry Moodie,Indie
4AVFqumd2ogHFlRbKIjp1t,Alesso,EDM
3e7awlrlDSwF3iM0WBjGMp,Little Mix,Dance Pop
6U1dBXJhC8gXFjamvFTmHg,Zac Efron,Musical
5AZuEF0feCXMkUCwQiQlW7,Marracash,Hip-Hop
7t0rwkOPGlDPEhaOcVtOt9,The Cranberries,Rock
7lbSsjYACZHn1MSDXPxNF2,Hikaru Utada,J-Pop
16oZKvXb6WkQlVAjwo2Wbg,The Lumineers,Indie
17lzZA2AlOHwCwFALHttmp,2 Chainz,Hip-Hop
51kyrUsAVqUBcoDEMFkX12,Hindia,Indie
3jOstUTkEu2JkjvRdBA5Gu,Weezer,Rock
1moxjboGR7GNWYIMWsRjgG,Florence + The Machine,Indie Rock
5Mk3yOBlfweeKamsDiap8H,The Millennial Club,Indie
2WzaAvm2bBCf4pEhyuDgCY,Ruth B.,Indie
6sCbFbEjbYepqswM1vWjjs,Zendaya,R&B
1z7b1Pr1rSlvWRzsW3HOrS,Russ,Hip-Hop
55fhWPvDiMpLnE4ZzNXZyW,Noah Cyrus,Indie
6ydoSd3N2mwgwBHtF6K7eX,Calum Scott,Ballad
53A0W3U0s8diEn9RhXQhVz,Keane,Rock
7H55rcKCfwqkyDFH9wpKM6,Christina Perri,Ballad
6fWVd57NKTalqvmjRd2t8Z,24kGoldn,Hip-Hop
1h6Cn3P4NGzXbaXidqURXs,Swedish House Mafia,EDM
3XxNRirzbjfLdDli06zMaB,Eyedress,Indie
0NIIxcxNHmOoyBx03SfTCD,Tinashe,R&B
0YinUQ50QDB7ZxSCLyQ40k,Mustard,Hip-Hop
73eAAfRkS2Vi4hx68oTJJE,John K,Rock
3Z02hBLubJxuFJfhacLSDc,Bryan Adams,Rock
3zmfs9cQwzJl575W1ZYXeT,Men I Trust,Indie
32vWCbZh0xZ4o9gkz4PsEU,Dolly Parton,Country
1Hsdzj7Dlq2I7tHP7501T4,Niall Horan,Rock
0Ty63ceoRnnJKVEYP0VQpk,Sting,Rock
0ZED1XzwlLHW4ZaG4lOT6m,Julia Michaels,R&B
1PU4kQGbRVMSyvawEYEjFp,Chris James,R&B
0SfsnGyD8FpIN4U4WCkBZ5,Armin van Buuren,EDM
4qXC0i02bSFstECuXP2ZpL,Blxst,Hip-Hop
23TFHmajVfBtlRx5MXqgoz,Sfera Ebbasta,Hip-Hop
2mpeljBig2IXLXRAFO9AAs,Dido,Ballad
4GvEc3ANtPPjt1ZJllr5Zl,Bazzi,R&B
4ScCswdRlyA23odg9thgIO,Jess Glynne,Dance Pop
2UwqpfQtNuhBwviIC0f2ie,Damso,Hip-Hop
5ndkK3dpZLKtBklKjxNQwT,B.o.B,Hip-Hop
3a1tBryiczPAZpgoZN9Rzg,Asake,R&B
4MXUO7sVCaFgFjoTI5ox5c,Sufjan Stevens,Indie
77AiFEVeAVj2ORpC85QVJs,Steve Aoki,EDM
12j6dJrPXanCBwY599pZxf,Matt Maltese,Indie
5lKZWd6HiSCLfnDGrq9RAm,Leona Lewis,Ballad
085pc2PYOi8bGKj0PNjekA,will.i.am,Hip-Hop
6cEuCEZu7PAE9ZSzLLc2oQ,R3HAB,EDM
0LKAV3zJ8a8AIGnyc5OvfB,SDM,Hip-Hop
3EA9hVIzKfFiQI0Kikz2wo,Andrea Bocelli,Classical
6vXTefBL93Dj5IqAWq6OTv,French Montana,Hip-Hop
2kXKa3aAFngGz2P4GjG5w2,SCH,Hip-Hop
2oX42qP5ineK3hrhBECLmj,Andy Grammer,Rock
2sil8z5kiy4r76CRTXxBCA,The Goo Goo Dolls,Rock
2iDVt6mFbtbDEZG5ax0dTi,Tulus,Indie
3vUMXQ9kPnZAQkMkZZ7Hfh,Tiakola,Hip-Hop
4xRYI6VqpkE3UwrDrAZL8L,Logic,Hip-Hop
2gBjLmx6zQnFGQJCAQpRgw,Nelly,Hip-Hop
0K87f3owemzI8NUCoEIXOB,vaultboy,Indie
4PULA4EFzYTrxYvOVlwpiQ,Sidhu Moose Wala,Hip-Hop
0u6GtibW46tFX7koQ6uNJZ,Topic,EDM
2fPsJqR6zfoHatC1eFr0eQ,Livingston,Indie Rock
56ZTgzPBDge0OvCGgMO3OY,Beach House,Indie Rock
4OBJLual30L7gRl5UkeRcT,T.I.,Hip-Hop
7o95ZoZt5ZYn31e9z1Hc0a,Natasha Bedingfield,Rock
0UWZUmn7sybxMCqrw9tGa7,Juanes,Rock
7gAppWoH7pcYmphCVTXkzs,The Vamps,Rock
0jdNdfi4vAuVi7a6cPDFBM,Lazza,Hip-Hop
72OaDtakiy6yFqkt4TsiFt,Cher,Dance Pop
0qT79UgT5tY4yudH9VfsdT,Sum 41,Rock
3QJUFtGBGL05vo0kCJZsmT,salem ilese,Indie
0xRXCcSX89eobfrshSVdyu,MEDUZA,EDM
6zLBxLdl60ekBLpawtT63I,Cody Johnson,Country
20sxb77xiYeusSH8cVdatc,Meek Mill,Hip-Hop
6ft7JnxMyZhp7N52qzHymY,Vansire,Indie
5e4Dhzv426EvQe3aDb64jL,Shania Twain,Country
0huGjMyP507tBCARyzSkrv,Cordae,Hip-Hop
19ra5tSw0tWufvUp8GotLo,George Michael,R&B
0wi4yTYlGtEnbGo4ltZTib,Shakin' Stevens,Rock
5gCRApTajqwbnHHPbr2Fpi,Juicy J,Hip-Hop
6dn6x1XOng3LOAnfTjUn77,AJ Mitchell,R&B
3win9vGIxFfBRag9S63wwf,Bailey Zimmerman,Country
7sfl4Xt5KmfyDs2T3SVSMK,Lil Jon,Hip-Hop
4bL2B6hmLlMWnUEZnorEtG,Felix Jaehn,EDM
2s4tjL6W3qrblOe0raIzwJ,Yoko Ono,EDM
5dHt1vcEm9qb8fCyLcB3HL,A$AP Ferg,Hip-Hop
3Gm5F95VdRxW3mqCn8RPBJ,Aminé,Hip-Hop
3YBJLs7RqR0aPGBgU27nDh,Werenoi,Indie
1GmsPCcpKgF9OhlNXjOsbS,Lizzy McAlpine,Indie
3PWp9R5HvbQgxI5KBx5kVd,KANA-BOON,J-Pop
3wOsYKZM0zcKNasi3I7fP4,Mahalini,Indie
0A0FS04o6zMoto8OKPsDwY,YG,Hip-Hop
2ysnwxxNtSgbb9t1m2Ur4j,George Ezra,Folk
6n4SsAp5VjvIBg3s9QCcPX,SUDA MASAKI,J-Pop
4NHQUGzhtTLFvgF5SZesLK,Tove Lo,Indie
5xd2Tg7Zo8755eCy8Gxkp8,Ha*Ash,Country
1Y8cdNmUJH7yBTd9yOvr5i,Destiny's Child,R&B
5LGo1zHegJTWzqVXgeNplt,Ryan Mack,Rock
5Ppie0uPnbnvGBYRwYmlt0,Megan Moroney,Country
2QMsj4XJ7ne2hojxt6v5eb,Riley Green,Country
1oPRcJUkloHaRLYx0olBLJ,Magdalena Bay,Indie
5HZtdKfC4xU0wvhEyYDWiY,HIEUTHUHAI,Hip-Hop
7nDsS0l5ZAzMedVRKPP8F1,Ella Henderson,R&B
0hSFeqPehe7FtCNWuQ6Bsy,BUMP OF CHICKEN,J-Pop
44TGR1CzjKBxSHsSEy7bi9,Woodkid,Indie
4iJLPqClelZOBCBifm8Fzv,Pierce The Veil,Rock
3VHFAtB6fPQwpAWQ5rn4uc,Lucia,Indie
07QEuhtrNmmZ0zEcqE9SF6,Owl City,EDM
4rQTEdG6hDVOlDUFKs9EjZ,Fly By Midnight,Indie
4e0nWw2r4BoQSKPQ2zpU13,Ray Dalton,R&B
3LOm0AZjpwVQebvkyanjDy,ODUMODUBLVCK,Hip-Hop
73jBynjsVtofjRpdpRAJGk,Dimitri Vegas & Like Mike,EDM
08GfvCW09pv2QP4y9sle2a,Sam Barber,Indie
2K5nCggbhSZ00YCYP5qkZS,Shiva,Hip-Hop
7CUFPNi1TU8RowpnFRSsZV,Niska,Hip-Hop
4D75GcNG95ebPtNvoNVXhz,AFROJACK,EDM
4aKWmkWAKviFlyvHYPTNQY,Adrianne Lenker,Indie
6S8w5rLsEwjN21jQeRES0n,Hitsujibungaku,J-Pop
6LEG9Ld1aLImEFEVHdWNSB,AP Dhillon,Hip-Hop
4lhUHpVOXmkEBGGHV71QCh,Chance Peña,Rock
,和ぬか (Waka Nuka),J-Pop
1AbJ2cmwK400LSvdvBL5Jc,Strawberry Guy,Indie
6tPHARSq45lQ8BSALCfkFC,Lainey Wilson,Country
6Dd3NScHWwnW6obMFbl1BH,Daya,Dance Pop
2rTo8KIkBTFjQS7VvaKYQ4,W&W,EDM
20zafXaLhm5IcXnSU93rNn,Nadin Amizah,Indie
2rhFzFmezpnW82MNqEKVry,Ski Mask The Slump God,Hip-Hop
3rWZHrfrsPBxVy692yAIxF,WILLOW,Rock
6wlhqnATSJIc0NQ64VxOVJ,Matt Hansen,Indie
1vfezMIyCr4XUdYRaKIKi3,Keyshia Cole,R&B
3sKeaby6GMSJWgYueZaSjE,Mokita,Indie
5szilpXHcwOqnyKLqGco5j,Faye Webster,Indie
7blXVKBSxdFZsIqlhdViKc,Valley,Indie
45eNHdiiabvmbp4erw26rg,ILLENIUM,EDM
46gyXjRIvN1NL1eCB8GBxo,All Time Low,Rock
0B1ce3uNrzkdm76NXI4mhX,Tani Yuuki,J-Pop
4gdMJYnopf2nEUcanAwstx,Anuv Jain,Indie
59wfkuBoNyhDMQGCljbUbA,Diddy,Hip-Hop
5SulO4l40qDuV9zUGLZx7n,Capo Plaza,Hip-Hop
3444S3C4U9Ts86BnCtSPRV,Treaty Oak Revival,Country
2ZRQcIgzPCVaT9XKhXZIzh,Gryffin,EDM
5CCwRZC6euC8Odo6y9X8jr,Rita Ora,Dance Pop
7K80yOTC0Id95gRaOxDG5u,ANNA,EDM
5KEG7G8LDYlHgFDqZyEEs2,Chris Rea,Rock
1e7K8jD3wRuQfnwDAOeGqe,Fiji Blue,Indie
1t17z3vfuc82cxSDMrvryJ,Macaroni Empitsu,J-Pop
6AyATGg7mDgBlZ4N5uNog0,SYML,Indie
37M5pPGs6V1fchFJSgCguX,FINNEAS,Indie
6J7biCazzYhU3gM9j1wfid,Jamiroquai,Funk
1eZ0sjIrNuSNiZSfjTYgi6,DANIEL,R&B
6RdcIWVKYYzNzjQRd3oyHS,Pinguini Tattici Nucleari,Indie
1XkoF8ryArs86LZvFOkbyr,Mary J. Blige,R&B
2yLzlEFtIS0Q9UkyBZdQA7,Jessie Murph,Indie
2wIVse2owClT7go1WT98tk,Missy Elliott,Hip-Hop
41lcf5k3PkUdxupYLkcjCd,dosii,Indie
0CbeG1224FS58EUx4tPevZ,Timmy Trumpet,EDM
6yhD1KjhLxIETFF7vIRf8B,Against The Current,Rock
7EK1bQADBoqbYXnT4Cqv9w,John Denver,Country
0GTBwQZcSJid6l5iwaWQ8E,Airman,R&B
0bdfiayQAKewqEvaU6rXCv,MØ,Indie
0rFHElzeddB9ymDjgpBENX,Lamp,Indie Rock
1XlLhtgJjC4ROQZilBZAvw,Nic D,Rock
46Bj2frkvUzqJUwcSx24Wo,Position,R&B
0Ye4nfYAA91T1X56gnlXAA,Mako,EDM
2kCO8LXN1usaOPL3iEE28I,Tai Verdes,Indie
6DIS6PRrLS3wbnZsf7vYic,WALK THE MOON,Rock
7gU9VyFRN3JWPJ5oHOil60,Tayc,R&B
1l8Fu6IkuTP0U5QetQJ5Xt,Fifth Harmony,R&B
0gadJ2b9A4SKsB1RFkBb66,Passenger,Indie
4lDBihdpMlOalxy1jkUbPl,Grey,Indie
53KwLdlmrlCelAZMaLVZqU,James Blake,Indie
20gsENnposVs2I4rQ5kvrf,Sam Feldt,EDM
2SHhfs4BiDxGQ3oxqf0UHY,Roxette,Rock
1bs7HoMkSyQwcobCpE9KpN,The Mamas & The Papas,Rock
6UlNIFEuWlBqb4TvlVCekq,Kirsty MacColl,Folk
3NPpFNZtSTHheNBaWC82rB,X Ambassadors,Rock
1YfEcTuGvBQ8xSD1f53UnK,Busta Rhymes,Hip-Hop
2cWZOOzeOm4WmBJRnD5R7I,Normani,R&B
6WiANXryTQJOTCM3z8jENM,December,Indie
3dz0NnIZhtKKeXZxLOxCam,Porter Robinson,EDM
5RJFJWYgtgWktosLrUDzff,Griff,Indie
5rkVyNGXEgeUqKkB5ccK83,Ashanti,R&B
4tMm1dU6Gn04VAZ9ClHcIZ,Jacquees,R&B
4EPJlUEBy49EX1wuFOvtjK,Becky Hill,EDM
1qM11R4ylJyQiPJ0DffE9z,Lilas Ikuta,J-Pop
6Jrxnp0JgqmeUX1veU591p,Santigold,Indie
7luxe2wCwtDtkKSP8ZhPLn,Realslow,R&B
64DvMieEUCdrYKmEIhDt8G,Arjan Dhillon,Hip-Hop
2eam0iDomRHGBypaDQLwWI,Bleachers,Indie
4sbXXFzEWJY2zsZjelerjX,Dadju,R&B
4AKwRarlmsUlLjIwt38NLw,Ofenbach,EDM
4U7lXyKdSf1JbM1aXvsodC,La Oreja de Van Gogh,Rock
5BcAKTbp20cv7tC5VqPFoC,Macklemore & Ryan Lewis,Hip-Hop
6CwfuxIqcltXDGjfZsMd9A,MARINA,Indie
2HkAI0YrEcgoR8QdaURqhO,Dimitri Vegas,EDM
1CcZoULzFHa8Uhwo6OlQcp,Semicenk,Indie
5kjGRHClVacSyllOUqU1S0,SPITZ,J-Pop
26ZBeXl5Gqr3TAv2itmyCU,indigo la End,Indie
5FxD8fkQZ6KcsSYupDVoSO,Omar Apollo,Indie
2NdeV5rLm47xAvogXrYhJX,Ciara,R&B
6MPCFvOQv5cIGfw3jODMF0,Internet Money,Hip-Hop
4IJczjB0fJ04gs4uvP0Fli,Gym Class Heroes,Hip-Hop
3NH8t45zOTqzlZgBvZRjvB,PNL,Hip-Hop
20s0P9QLxGqKuCsGwFsp7w,Mario,R&B
4MrQDA45Gd0llLrwFUzimG,Flawed Mangoes,Indie
5vBSrE1xujD2FXYRarbAXc,Olly Alexander (Years & Years),Indie
7iZtZyCzp3LItcw1wtPI3D,Rae Sremmurd,Hip-Hop
4sTQVOfp9vEMCemLw50sbu,Galantis,EDM
7F2utINZ6tSokSiZTQBE27,Guè,Hip-Hop
56oDRnqbIiwx4mymNEv7dS,Lizzo,Hip-Hop
0daugAjUgbJSqdlyYNwIbT,Vicetone,EDM
0MK8l3nURwwQIjafvXoJJt,ASIAN KUNG-FU GENERATION,J-Pop
1QsdzIKkTT5gDFj8GB1cIX,Yseult,R&B
5yG7ZAZafVaAlMTeBybKAL,Iggy Azalea,Hip-Hop
5QNm7E7RU2m64l6Gliu8Oy,HARDY,Rock
3DCWeG2J1fZeu0Oe6i5Q6m,PLK,Hip-Hop
37w38cCSGgKLdayTRjna4W,Mazzy Star,Indie Rock
2efrqekWSHlvhATD50AG3m,Orion Sun,Indie
4WqXqPmUuenMIr4QaFrZXN,Saucy Dog,J-Pop
6S0dmVVn4udvppDhZIWxCr,Sean Kingston,Hip-Hop
0TImkz4nPqjegtVSMZnMRq,TLC,R&B
3b8QkneNDz4JHKKKlLgYZg,Florida Georgia Line,Country
3Oim8XBPbznAa8Jj8QzNc8,Cults,Indie
45ft4DyTCEJfQwTBHXpdhM,milet,J-Pop
5GGJosGMs08YEmKTZJe1fL,Suki Waterhouse,Indie
5EvFsr3kj42KNv97ZEnqij,Shaggy,Hip-Hop
5p7f24Rk5HkUZsaS3BLG5F,Hailee Steinfeld,Rock
5gs4Sm2WQUkcGeikMcVHbh,Hamza,Hip-Hop
6hk7Yq1DU9QcCCrz9uc0Ti,Kimbra,Indie
4Q6nIcaBED8qUel8bBx6Cr,Jax Jones,EDM
25pd339V2rRJo84USlcSRP,JAWNY,Indie
6BRxQ8cD3eqnrVj6WKDok8,Ella Langley,Country
6mDl7lQiLxT0iQ8LYhAlWy,Zerb,Indie
5cIc3SBFuBLVxJz58W2tU9,Oh Wonder,Indie
7kplJl06UmldxLKseURAYi,Warren Zeiders,Country
3XxxEq6BREC57nCWXbQZ7o,Jamie Cullum,Jazz
7uDdl5V5AETSFY7K3muu22,Arthur Nery,R&B
4xFUf1FHVy696Q1JQZMTRj,Carrie Underwood,Country
5z1VAFwT35EVvCp1XlZZuL,Diana Krall,Jazz
4FGPzWzgjURDNT7JQ8pYgH,Zach Top,Country
1Xfmvd48oOhEWkscWyEbh9,Lloyd,R&B
2NjfBq1NflQcKSeiDooVjY,Tones And I,Indie
2AsusXITU8P25dlRNhcAbG,Gotye,Indie
7gXb99Sf9nNmpNYeAgIQFG,Sub Urban,Indie
4ubEZ6sMsrrbQChueyouCC,Hivi!,Indie
1hzfo8twXdOegF3xireCYs,Milky Chance,Indie
1o2NpYGqHiCq7FoiYdyd1x,Bea Miller,Rock
6T4K8YuFc0JPDrYgABbxao,amazarashi,J-Pop
1aSxMhuvixZ8h9dK9jIDwL,Kate Bush,Rock
7E2aQQjErJocovYFjYLzWU,Emei,Indie
0JjPiLQNgAFaEkwoy56B1C,L7NNON,Hip-Hop
0ZUvK7zGdXLd78mQr3t1Tw,Ricky Montgomery,Indie
25u1DN0MwQVSav4XoJS7hl,Olly,Rock
6beUvFUlKliUYJdLOXNj9C,King Princess,Indie
0zOcE3mg9nS6l3yxt1Y0bK,The Fray,Rock
67nwj3Y5sZQLl72VNUHEYE,Wale,Hip-Hop
5MspMQqdVbdwP6ax3GXqum,Annie Lennox,R&B
5nCi3BB41mBaMH9gfr6Su0,fun.,Indie
7LnaAXbDVIL75IVPnndf7w,Jamie Foxx,R&B
5sXaGoRLSpd7VeyZrLkKwt,Gregory Alan Isakov,Indie
1gPhS1zisyXr5dHTYZyiMe,Kevin Gates,Hip-Hop
6q87vizIEdEN4NvlR6mjfT,Sheila On 7,Indie
1AgAVqo74e2q4FVvg0xpT7,Tedua,Hip-Hop
2kGBy2WHvF0VdZyqiVCkDT,Father John Misty,Indie
3UY1KK0iXeC0mpaK0ltFza,asmi,Indie
6L34dW6SKMSDaGIfYDU19j,Maes,Hip-Hop
4rj3KWaLAnuxgtMMkypZhf,JVLI,Indie
6cutt8thPFUICMfxaYerWd,MY FIRST STORY,J-Pop
2kS9NyuATpYwjeB93h24H5,Nina Chuba,Indie
2rEVnwCPBeGkWMv425KoG1,AYLIVA,R&B
4TK1gDgb7QKoPFlzRrBRgR,Los Enanitos Verdes,Rock
7jZMxhsB8djyIbYmoiJSTs,Kiana Ledé,R&B
4WN5naL3ofxrVBgFpguzKo,Rudimental,EDM
6GMYJwaziB4ekv1Y6wCDWS,Soulja Boy,Hip-Hop
2WX2uTcsvV5OnS0inACecP,Birdy,Indie
1kDGbuxWknIKx4FlgWxiSp,Nothing But Thieves,Rock
6T5tfhQCknKG4UnH90qGnz,DNCE,Dance Pop
1Tie3AZgLQZqYEp8Fv4zOZ,Koe Wetzel,Country
34v5MVKeQnIo0CWYMbbrPf,John Newman,R&B
0NbfKEOTQCcwd6o7wSDOHI,The Game,Hip-Hop
2W8yFh0Ga6Yf3jiayVxwkE,Dove Cameron,Rock
2Zi3RrdQqk63Xj0914STkS,Naomi Scott,Rock
2LJxr7Pt3JnP60eLxwbDOu,Mandy Moore,Rock
053q0ukIDRgzwTr4vNSwab,Grimes,EDM
4Yttlv9ndGjCDCVLqM7ACq,Sido,Hip-Hop
2p4FqHnazRucYQHyDCdBrJ,Simple Plan,Rock
66W9LaWS0DPdL7Sz8iYGYe,JP Saxe,Indie
6PXS4YHDkKvl1wkIl4V8DL,Fetty Wap,Hip-Hop
19i93sA0D7yS9dYoVNBqAA,thasup,Hip-Hop
6aZyMrc4doVtZyKNilOmwu,Colbie Caillat,Folk
6zK1M4TcabpLQMNmmG2P0Q,Chike,R&B
5W5bDNCqJ1jbCgTxDD0Cb3,Willie Nelson,Country
1nzgtKYFckznkcVMR3Gg4z,KSI,Hip-Hop
4tw2Lmn9tTPUv7Gy7mVPI4,Kenny Rogers,Country
6aX6KqXgEcARRHwvWxHcFW,Johnny Orlando,Rock
4cgBCGxtlfap2g6jveB7du,Afgan,R&B
5sWHDYs0csV6RS48xBl0tH,Two Feet,Indie Rock
2LkkwxA19J8C52wPQl5bG6,Jamie Miller,Rock
4NYMUsIcUUsBHbV9DICa5x,Nate Smith,Country
60uh2KYYSCqAgJNxcU4DA0,Hombres G,Rock
71UIOLnsacxQHlU55TvfiH,Da-iCE,J-Pop
6DgP9otnZw5z6daOntINxp,Joel Corry,EDM
4iMO20EPodreIaEl8qW66y,Still Woozy,Indie
1J2VVASYAamtQ3Bt8wGgA6,Ja Rule,Hip-Hop
0XK6kT7xcZAlcYrNjOgzJe,Carla Morrison,Indie
4EzkuveR9pLvDVFNx6foYD,James Bay,Rock
05oH07COxkXKIMt6mIPRee,Brandy,R&B
58wXmynHaAWI5hwlPZP3qL,Booba,Hip-Hop
2KsP6tYLJlTBvSUxnwlVWa,Mike Posner,Rock
0NB5HROxc8dDBXpkIi1v3d,Remi Wolf,Indie
6Wr3hh341P84m3EI8qdn9O,Rise Against,Rock
35GL8Cu2GKTcHzKGi75xl5,Jennifer Hudson,R&B
1tqZaCwM57UFKjWoYwMLrw,The Cardigans,Rock
06nevPmNVfWUXyZkccahL8,Gregory Porter,Jazz
01QTIT5P1pFP3QnnFSdsJf,Lupe Fiasco,Hip-Hop
6IKlXZEFOvk9itrP1s0knJ,The Red Clay Strays,Country
0grdhNhiRLFBaFVyybqsj6,Richard Marx,Rock
5KNNVgR6LBIABRIomyCwKJ,Dermot Kennedy,Indie
7DMveApC7UnC2NPfPvlHSU,Cheat Codes,EDM
0EiNdCUwM4B5GkTInLAyuj,Caleb Hearn,Indie